ID	CN	EN	RU_TRANSLATION
251	5230215   QA资源测试模版关卡   位面	5230215 QA Resource Test Template Level Plane	
252	5230216   QA资源测试模版关卡   位面	5230216 QA Resource Test Template Level Plane	
253	5230227   求助女子的房屋   位面	5230227 House of the Woman Seeking Help Plane	
254	5230236   QA资源测试模版关卡   位面	5230236 QA Resource Test Template Level Plane	
255	5230408   压力板测试   文案副本	5230408 Pressure Plate Test - Copy	
256	5230991   QA任务存档测试-默认场景996   文案副本	5230991 QA Task Save Test - Default Scene 996 Script Copy	
257	5230992   QA任务存档测试-村庄   文案副本	5230992 QA Task Save Test - Village Script Copy	
258	5231062   新俱乐部NPC测试   单人位面	5231062 New Club NPC Test Single-Player Instance	
259	5231246   书店   单人位面	5231246 Bookstore Single-Player Instance	
260	52世界BOSS普通10%生命	Level 52 World Boss Normal 10% HP	
261	52级6人本BOSS普通	Level 52 6-Player Dungeon Boss Normal	
262	52级6人本Boss普通	Level 52 6-Player Dungeon Boss Normal	
263	53 新俱乐部	53 New Club	
264	53级12人本Boss普通	Level 53 12-Player Dungeon Boss Normal	
265	53级6人本BOSS普通	Level 53 6-Player Dungeon Boss Normal	
266	53级6人本Boss普通	Level 53 6-Player Dungeon Boss Normal	
267	55品武器箱	Level 55 Weapon Box	
268	55装等装备随机箱	Level 55 Equipment Random Box	
269	55装等金色武器箱	Level 55 Gold Weapon Box	
270	55装等金色装备	55 Item Level Gold Equipment	
271	56级6人本BOSS普通	Level 56 6-Player Dungeon Boss Normal	
272	56级6人本Boss普通	Level 56 6-Player Dungeon Boss Normal	
273	57级6人本BOSS普通	Level 57 6-Player Dungeon Boss Normal	
274	57级6人本Boss困难	Level 57 6-Player Dungeon Boss Hard	
275	57级6人本Boss普通	Level 57 6-Player Dungeon Boss Normal	
276	59 夜总会	59 Nightclub	
277	59太阳金色武器10件+打造相关物品	10 level 59 Sun gold weapons + crafting related items	
278	5v5主界面入口	5v5 Main Interface Entry	
279	5个	5	
280	5件随机装备 + 随机5费棋子 + 30金币	5 random Equipment + Random 5-cost piece + 30 Gold Coins	
281	5分钟内只能进行一次一键申请，请稍后再试	You can only use one-click application once every 5 minutes. Please try again later.	
282	5月23日\n　　尼尔说这条路他走过七次。\n　　一路上他说了三遍，我不信——如果他真的走过七次，为什么连帐篷都不会搭？我蹲在他身后，看他第三次把帐篷布穿反，雪水渗进手套，冷得像在舔我的骨头。\n　　万幸，我们在天黑前支起了帐篷。\n\n剩余物资：\n面包6份    佩姬为我们准备了18磅分成了8份\n肉干和肉肠5份\n糖1罐\n黄油4块\n酒3瓶      酒3瓶 → 2瓶（晚上庆祝消耗1瓶）\n水5瓶      暂时充足，路上可以留意水源	May 23rd\n　　Neil said he has walked this path seven times.\n　　He said it three times along the way, but I don't believe it—if he really had walked it seven times, why wouldn't he even know how to set up a tent? I crouched behind him, watching him put the tent fabric on backward for the third time. Snow water seeped into my gloves, cold as if it were licking my bones.\n　　Fortunately, we set up the tent before dark.\n\nRemaining supplies:\nBread: 6 portions (Peggy prepared 18 lbs for us, divided into 8 portions)\nDried meat and sausages: 5 portions\nSugar: 1 jar\nButter: 4 blocks\nWine: 3 bottles (Wine: 3 bottles → 2 bottles (1 consumed for the evening celebration))\nWater: 5 bottles (Temporarily sufficient; can keep an eye out for water sources on the way)	
283	5级-掌控	Level 5 - Control	
284	5级-浩繁	Level 5 - Vast	
285	60世界BOSS普通10%生命	Level 60 World Boss Normal 10% HP	
286	60品武器箱	Level 60 Weapon Box	
287	60级12人本Boss困难	Level 60 12-Player Dungeon Boss Hard	
288	60级6人本BOSS普通	Level 60 6-Player Dungeon Boss Normal	
289	60级6人本Boss普通	Level 60 6-Player Dungeon Boss Normal	
290	60装等冒险装备自选箱	Level 60 Adventure Equipment Selection Box	
291	60装等橙色竞技武器箱	Level 60 Orange Competition Weapon Box	
292	60装等橙色装备盒	60 Item Level Orange Equipment Box	
293	60装等武器箱	Level 60 Weapon Box	
294	60装等竞技烙印装备自选箱	Level 60 Competitive Brand Equipment Selection Box	
295	60装等竞技装备自选箱	Level 60 Competitive Equipment Selection Box	
296	60装等装备自选箱	Level 60 Equipment Selection Box	
297	60装等装备随机箱	Level 60 Equipment Random Box	
298	60装等金色装备	60 Item Level Gold Equipment	
299	61级12人本Boss困难	Level 61 12-Player Dungeon Boss Hard	
300	61级6人本BOSS普通	Level 61 6-Player Dungeon Boss Normal	
301	61级6人本Boss困难	Level 61 6-Player Dungeon Boss Hard	
302	62世界BOSS普通10%生命	Level 62 World Boss Normal 10% HP	
303	62级12人本BOSS普通	Level 62 12-Player Dungeon Boss Normal	
304	62级12人本Boss困难	Level 62 12-Player Dungeon Boss Hard	
305	62级12人本Boss普通	Level 62 12-Player Dungeon Boss Normal	
306	62装等冒险装备自选箱	Level 62 Adventure Equipment Selection Box	
307	62装等橙色竞技武器箱	Level 62 Orange Competition Weapon Box	
308	62装等竞技烙印装备自选箱	Level 62 Competitive Brand Equipment Selection Box	
309	62装等竞技装备自选箱	Level 62 Competitive Equipment Selection Box	
310	62装等装备随机箱	Level 62 Equipment Random Box	
311	63级6人本BOSS普通	Level 63 6-Player Dungeon Boss Normal	
312	63级6人本Boss困难	Level 63 6-Player Dungeon Boss Hard	
313	64级大R玩家+大量钱	Level 64 big spender + large amount of money.	
314	64装等冒险装备自选箱	Level 64 Adventure Equipment Selection Box	
315	64装等橙色竞技武器箱	Level 64 Orange Competition Weapon Box	
316	64装等橙色装备盒	64 Item Level Orange Equipment Box	
317	64装等竞技烙印装备自选箱	Level 64 Competitive Brand Equipment Selection Box	
318	64装等竞技装备自选箱	Level 64 Competitive Equipment Selection Box	
319	64装等装备随机箱	Level 64 Equipment Random Box	
320	65级12人本BOSS普通	Level 65 12-Player Dungeon Boss Normal	
321	65装等装备随机箱	Level 65 Equipment Random Box	
322	66级6人本BOSS普通	Level 66 6-Player Dungeon Boss Normal	
323	66级6人本Boss困难	Level 66 6-Player Dungeon Boss Hard	
324	66装等冒险装备自选箱	Level 66 Adventure Equipment Selection Box	
325	66装等橙色竞技武器箱	Level 66 Orange Competition Weapon Box	
326	66装等竞技烙印装备自选箱	Level 66 Competitive Brand Equipment Selection Box	
327	66装等竞技装备自选箱	Level 66 Competitive Equipment Selection Box	
328	66装等装备随机箱	Level 66 Equipment Random Box	
329	68级6人本BOSS普通	Level 68 6-Player Dungeon Boss Normal	
330	68级6人本Boss困难	Level 68 6-Player Dungeon Boss Hard	
331	68装等冒险装备自选箱	Level 68 Adventure Equipment Selection Box	
332	68装等橙色竞技武器箱	Level 68 Orange Competition Weapon Box	
333	68装等竞技烙印装备自选箱	Level 68 Competitive Brand Equipment Selection Box	
334	68装等竞技装备自选箱	Level 68 Competitive Equipment Selection Box	
335	68装等装备随机箱	Level 68 Equipment Random Box	
336	69级12人本BOSS普通	Level 69 12-Player Dungeon Boss Normal	
337	69装等装备随机箱	Level 69 Equipment Random Box	
338	6级-万象	Level 6 - Myriad	
339	6级-超越	Level 6 - Transcendence	
340	70级12人本BOSS普通	Level 70 12-Player Dungeon Boss Normal	
341	724后把后效改回来	Change after-effects back after 724	
342	72级12人本BOSS普通	Level 72 12-Player Dungeon Boss Normal	
343	72级6人本BOSS普通	Level 72 6-Player Dungeon Boss Normal	
344	74级6人本BOSS普通	Level 74 6-Player Dungeon Boss Normal	
345	75PVE装备	75 PVE Equipment	
346	76级6人本BOSS普通	Level 76 6-Player Dungeon Boss Normal	
347	78级12人本BOSS普通	Level 78 12-Player Dungeon Boss Normal	
348	82级12人本BOSS普通	Level 82 12-Player Dungeon Boss Normal	
349	84级12人本BOSS普通	Level 84 12-Player Dungeon Boss Normal	
350	8个装备部位的强化等级达到2级	Reach level 2 strengthening for 8 equipment slots	
351	8！我选的就是8！	8! I choose 8!	
352	90级6人本BOSS普通	Level 90 6-Player Dungeon Boss Normal	
353	91级6人本BOSS困难	Level 91 6-Player Dungeon Boss Hard	
354	93级12人本BOSS困难	Level 93 12-Player Dungeon Boss Hard	
355	94级12人本BOSS困难	Level 94 12-Player Dungeon Boss Hard	
356	95级12人本BOSS困难	Level 95 12-Player Dungeon Boss Hard	
357	96级6人本BOSS困难	Level 96 6-Player Dungeon Boss Hard	
358	97级12人本BOSS困难	Level 97 12-Player Dungeon Boss Hard	
359	98级12人本BOSS困难	Level 98 12-Player Dungeon Boss Hard	
360	99级12人本BOSS困难	Level 99 12-Player Dungeon Boss Hard	
361	<Assistant_Title1> [Chat] </>\n<Assistant_Title2> System Entry: </><Assistant_System> HUD Bottom Left - Chat </>{JumpToUI:[【前往查看】]|1250050}\n<Assistant_Title2> Chat Channels: </> You can switch between different channels in the list on the left. \n<Assistant_Title2> Chat Settings: </> You can configure chat channels via <Assistant_System> Chat Panel - Settings button at the bottom </>. In <Assistant_System> General Settings - Chat Channel Display </>, you can set which channels to display. In <Assistant_System> Channel Settings </>, you can control which chat channels appear in the bottom left of the HUD. \n<Assistant_Title2> General Channel: </> The General channel aggregates messages from multiple channels, allowing for quick viewing. In <Assistant_System> Channel Settings </>, you can control which channel information is included in the General channel. \n<Assistant_Title2> Chat Window: </> In the bottom right of the chat interface, click the window button to open window mode, which allows you to drag the window freely. \n<Assistant_Title3> Basic Function Details and Rules: </>{SendAnswer:[聊天-表情包]|1414}	<Assistant_Title1> [Chat] </>\n<Assistant_Title2> System Entry: </><Assistant_System> HUD Bottom Left - Chat </>{JumpToUI:[【Go to View】]|1250050}\n<Assistant_Title2> Chat Channels: </> You can switch between different channels in the list on the left. \n<Assistant_Title2> Chat Settings: </> You can configure chat channels via <Assistant_System> Chat Panel - Settings button at the bottom </>. In <Assistant_System> General Settings - Chat Channel Display </>, you can set which channels to display. In <Assistant_System> Channel Settings </>, you can control which chat channels appear in the bottom left of the HUD. \n<Assistant_Title2> General Channel: </> The General channel aggregates messages from multiple channels, allowing for quick viewing. In <Assistant_System> Channel Settings </>, you can control which channel information is included in the General channel. \n<Assistant_Title2> Chat Window: </> In the bottom right of the chat interface, click the window button to open window mode, which allows you to drag the window freely. \n<Assistant_Title3> Basic Function Details and Rules: </>{SendAnswer:[Chat - Stickers]|1414}	
362	<Assistant_Title1> [Friends - Cross-Server Friends] </>\n<Assistant_Title2> System Entry: </><Assistant_System> Menu - Friends - Cross-Server Friends </>\n<Assistant_Title2> Adding Friends: </><Assistant_System> Under the Friends - Add tab, enter the character nickname or character numeric ID to search for and add cross-server friends. </>\n Friend Gifting: <Assistant_Title2> You can use </> Friends - Private Chat - Gifting in the bottom right corner <Assistant_System> to exchange gifts with cross-server friends and increase friendliness. </>\n Recommended Searches: <Assistant_Title3></>, {SendAnswer:[好友]|1406}, {SendAnswer:[好友-好友列表]|1407}, {SendAnswer:[好友-私聊]|1408}, {SendAnswer:[好友-群聊]|1409}, {SendAnswer:[好友-好友度]|1410}, {SendAnswer:[好友-删除拉黑]|1412}	<Assistant_Title1> [Friends - Cross-Server Friends] </>\n<Assistant_Title2> System Entry: </><Assistant_System> Menu - Friends - Cross-Server Friends </>\n<Assistant_Title2> Adding Friends: </><Assistant_System> Under the Friends - Add tab, enter the character nickname or character numeric ID to search for and add cross-server friends. </>\n Friend Gifting: <Assistant_Title2> You can use </> Friends - Private Chat - Gifting in the bottom right corner <Assistant_System> to exchange gifts with cross-server friends and increase friendliness. </>\n Recommended Searches: <Assistant_Title3></>, {SendAnswer:[Friends]|1406}, {SendAnswer:[Friends - Friend List]|1407}, {SendAnswer:[Friends - Private Chat]|1408}, {SendAnswer:[Friends - Group Chat]|1409}, {SendAnswer:[Friends - Friendliness]|1410}, {SendAnswer:[Friends - Delete/Block]|1412}	
363	<Assistant_Title1> [Friends - Delete/Block] </>\n<Assistant_Title2> System Entry: </><Assistant_System> Menu - Friends - Click Avatar </>, \n<Assistant_Title2> Deleting Friends: </> Deleting a friend will mutually terminate the friendship, and they will no longer appear in your friend list. <Assistant_Red> Deleting a friend will clear the friendliness between both parties and cannot be recovered </>. Please proceed with caution. \n<Assistant_Title2> Blocking Friends: </> If you are currently friends, blocking will automatically terminate the friendship mutually, and you will no longer receive private messages from them after blocking. \n<Assistant_Title3> Recommended Searches: </>{SendAnswer:[好友]|1406}, {SendAnswer:[好友-好友列表]|1407}, {SendAnswer:[好友-私聊]|1408}, {SendAnswer:[好友-群聊]|1409}, {SendAnswer:[好友-好友度]|1410}, {SendAnswer:[好友-跨服好友]|1411}	<Assistant_Title1> [Friends - Delete/Block] </>\n<Assistant_Title2> System Entry: </><Assistant_System> Menu - Friends - Click Avatar </>, \n<Assistant_Title2> Deleting Friends: </> Deleting a friend will mutually terminate the friendship, and they will no longer appear in your friend list. <Assistant_Red> Deleting a friend will clear the friendliness between both parties and cannot be recovered </>. Please proceed with caution. \n<Assistant_Title2> Blocking Friends: </> If you are currently friends, blocking will automatically terminate the friendship mutually, and you will no longer receive private messages from them after blocking. \n<Assistant_Title3> Recommended Searches: </>{SendAnswer:[Friends]|1406}, {SendAnswer:[Friends - Friend List]|1407}, {SendAnswer:[Friends - Private Chat]|1408}, {SendAnswer:[Friends - Group Chat]|1409}, {SendAnswer:[Friends - Friendliness]|1410}, {SendAnswer:[Friends - Cross-Server Friends]|1411}	
364	<Assistant_Title1> [Friends - Friendliness] </>\n<Assistant_Title2> System Entry: </><Assistant_System> Menu - Friends - Friend Private Chat - Heart icon in the top right corner </>\n<Assistant_Title2> Acquisition Source: </> Team up with a friend to defeat 1 team/squad dungeon boss, defeat a world boss as a team, complete 1 competition activity as a team, chat privately with a friend, complete 1 duo social action, or ride together to increase friendliness. Friendliness can also be increased by sending social gifts and cosmetic items. \n<Assistant_Title2> Clearing Friendliness: </><Assistant_Red> Deleting or blocking a friend will clear the friendliness between both parties and cannot be recovered </>. Please proceed with caution. \n<Assistant_Title3> Recommended Searches: </>{SendAnswer:[好友]|1406}, {SendAnswer:[好友-好友列表]|1407}, {SendAnswer:[好友-私聊]|1408}, {SendAnswer:[好友-群聊]|1409}, {SendAnswer:[好友-跨服好友]|1411}, {SendAnswer:[好友-删除拉黑]|1412}	<Assistant_Title1> [Friends - Friendliness] </>\n<Assistant_Title2> System Entry: </><Assistant_System> Menu - Friends - Friend Private Chat - Heart icon in the top right corner </>\n<Assistant_Title2> Acquisition Source: </> Team up with a friend to defeat 1 team/squad dungeon boss, defeat a world boss as a team, complete 1 competition activity as a team, chat privately with a friend, complete 1 duo social action, or ride together to increase friendliness. Friendliness can also be increased by sending social gifts and cosmetic items. \n<Assistant_Title2> Clearing Friendliness: </><Assistant_Red> Deleting or blocking a friend will clear the friendliness between both parties and cannot be recovered </>. Please proceed with caution. \n<Assistant_Title3> Recommended Searches: </>{SendAnswer:[Friends]|1406}, {SendAnswer:[Friends - Friend List]|1407}, {SendAnswer:[Friends - Private Chat]|1408}, {SendAnswer:[Friends - Group Chat]|1409}, {SendAnswer:[Friends - Cross-Server Friends]|1411}, {SendAnswer:[Friends - Delete/Block]|1412}	
365	<Assistant_Title1> [Social Gifting] </>\n<Assistant_Title2> System Entry: </> In <Assistant_System> Mall - Image Inscription - Social Popularity </>, you can spend Bound Pounds and Unbound Pounds to purchase social gifts to send to friends or other players. \n<Assistant_Title2> Friend Gifting: </> In <Assistant_System> Friend Private Chat - Gifting in the bottom right corner </>, you can send friendliness gifts to increase mutual friendliness. \n<Assistant_Title2> Personal Homepage Gifting: </> In <Assistant_System> Personal Homepage - Gifting in the bottom right corner </>, you can send homepage gifts to increase the recipient's personal homepage fame. If you are friends, it will additionally increase friendliness. \n<Assistant_Title2> Voice Room Gifting: </> In <Assistant_System> Voice Room - Click Player Avatar - Voice Room Gifting </>, you can send voice room gifts to increase the current room's popularity and the recipient's personal homepage fame. \n<Assistant_Title3> Recommended Searches: </>{SendAnswer:[好友-好友度]|1410}	<Assistant_Title1> [Social Gifting] </>\n<Assistant_Title2> System Entry: </> In <Assistant_System> Mall - Image Inscription - Social Popularity </>, you can spend Bound Pounds and Unbound Pounds to purchase social gifts to send to friends or other players. \n<Assistant_Title2> Friend Gifting: </> In <Assistant_System> Friend Private Chat - Gifting in the bottom right corner </>, you can send friendliness gifts to increase mutual friendliness. \n<Assistant_Title2> Personal Homepage Gifting: </> In <Assistant_System> Personal Homepage - Gifting in the bottom right corner </>, you can send homepage gifts to increase the recipient's personal homepage fame. If you are friends, it will additionally increase friendliness. \n<Assistant_Title2> Voice Room Gifting: </> In <Assistant_System> Voice Room - Click Player Avatar - Voice Room Gifting </>, you can send voice room gifts to increase the current room's popularity and the recipient's personal homepage fame. \n<Assistant_Title3> Recommended Searches: </>{SendAnswer:[Friends - Friendliness]|1410}	
366	<Assistant_Title1>Connection Shop</>\n<Assistant_Title2>View:</>\nClick <Assistant_System>Menu - Connections - Exchange</> to open the {SendAnswer:人脉商店|558}. \n<Assistant_Title2>Exchange:</>\nYou can use {SendAnswer:投影片段|557} to exchange for corresponding item rewards, which can be used in your Inventory after acquisition. \n<Assistant_Title3>Recommended Searches: </>{SendAnswer:[人脉]|550}, {SendAnswer:[投影片段]|557}, {SendAnswer:[结交人脉]|554}	<Assistant_Title1>Connection Shop</>\n<Assistant_Title2>View:</>\nClick <Assistant_System>Menu - Connections - Exchange</> to open the {SendAnswer:Connection Shop|558}. \n<Assistant_Title2>Exchange:</>\nYou can use {SendAnswer:Projection Fragments|557} to exchange for corresponding item rewards, which can be used in your Inventory after acquisition. \n<Assistant_Title3>Recommended Searches: </>{SendAnswer:[Connections]|550}, {SendAnswer:[Projection Fragments]|557}, {SendAnswer:[Befriend Connections]|554}	
367	<Assistant_Title1>Connection Wish</>\n<Assistant_Title2>Gameplay Instructions:</>\nIn the permanent befriending event within the <Assistant_System>Menu - Connections - Befriend Connections</> interface, click the Wish button at the bottom left of the video to enter the Wish interface. \n<Assistant_Property2>After wishing for </>a specific Connection, you can increase the probability of obtaining that Connection when befriending. \n<Assistant_Title2>Wish Rules:</>\nOnly Legendary Connections that can be befriended are eligible for a wish. \nAfter making a wish, when you obtain a Legendary Connection, the probability of it being your wish target increases to <Assistant_Property1>80%</>. If the Legendary Connection obtained is not your wish target, the next Legendary Connection you obtain is guaranteed to be your wish target. \nIn permanent befriending, <Assistant_Property1>each week</> you can use <Assistant_Property1>2 times</> of the wish effect, which resets on Monday. Every time you befriend <Assistant_Property1>110 times</>, you can obtain an additional wish count. This count will not be reset, and its consumption priority is lower than the weekly reset count. \nAfter wishing for a Connection, if you accidentally select the wrong target, you can click the Cancel Wish button to cancel it. \n<Assistant_Title3>Recommended Searches: </>{SendAnswer:[人脉]|550}, {SendAnswer:[关系]|551}, {SendAnswer:[结交人脉]|554}	<Assistant_Title1>Connection Wish</>\n<Assistant_Title2>Gameplay Instructions:</>\nIn the permanent befriending event within the <Assistant_System>Menu - Connections - Befriend Connections</> interface, click the Wish button at the bottom left of the video to enter the Wish interface. \n<Assistant_Property2>After wishing for </>a specific Connection, you can increase the probability of obtaining that Connection when befriending. \n<Assistant_Title2>Wish Rules:</>\nOnly Legendary Connections that can be befriended are eligible for a wish. \nAfter making a wish, when you obtain a Legendary Connection, the probability of it being your wish target increases to <Assistant_Property1>80%</>. If the Legendary Connection obtained is not your wish target, the next Legendary Connection you obtain is guaranteed to be your wish target. \nIn permanent befriending, <Assistant_Property1>each week</> you can use <Assistant_Property1>2 times</> of the wish effect, which resets on Monday. Every time you befriend <Assistant_Property1>110 times</>, you can obtain an additional wish count. This count will not be reset, and its consumption priority is lower than the weekly reset count. \nAfter wishing for a Connection, if you accidentally select the wrong target, you can click the Cancel Wish button to cancel it. \n<Assistant_Title3>Recommended Searches: </>{SendAnswer:[Connections]|550}, {SendAnswer:[Relationship]|551}, {SendAnswer:[Befriend Connections]|554}	
368	<Assistant_Title1>Historical Beacon</>\n<Assistant_Title2>Item Introduction:</>\nUse Historical Beacons to befriend Connections in the Befriend Connection interface.\n<Assistant_Title2>Befriending Method:</>\nClick <Assistant_System>Menu-Connection-Befriend Connection</> to enter the befriending interface, then click Befriend 1 time/5 times to proceed.\n<Assistant_Title2>Befriending Cost:</>\nEach time you befriend, you need to consume one Historical Beacon.\n<Assistant_Title2>How to Obtain:</>\n1. Click Befriend in the Befriend Connection interface; if you have insufficient Historical Beacons, a quick purchase prompt will pop up.\n2. Enter <Assistant_System>Mall-Mall-Treasury Display</> to purchase.\n3. Enter <Assistant_System>Mall-General Store-Reimbursement Shop/Adventure Shop</> to purchase.\n4. Open the Connection Shop via <Assistant_System>Menu-Connection-Exchange</> to exchange.\n5. Obtain through <Assistant_System>Gift of Fate</> or <Assistant_System>Ranked Ladder</>.\n6. Obtain through some <Assistant_System>TRPG</> gameplay or <Assistant_System>Quests</>.\n<Assistant_Title3>Recommended Search:</>{SendAnswer:[人脉]|550}, {SendAnswer:[关系]|551}, {SendAnswer:[结交人脉]|554}	<Assistant_Title1>Historical Beacon</>\n<Assistant_Title2>Item Introduction:</>\nUse Historical Beacons to befriend Connections in the Befriend Connection interface.\n<Assistant_Title2>Befriending Method:</>\nClick <Assistant_System>Menu-Connection-Befriend Connection</> to enter the befriending interface, then click Befriend 1 time/5 times to proceed.\n<Assistant_Title2>Befriending Cost:</>\nEach time you befriend, you need to consume one Historical Beacon.\n<Assistant_Title2>How to Obtain:</>\n1. Click Befriend in the Befriend Connection interface; if you have insufficient Historical Beacons, a quick purchase prompt will pop up.\n2. Enter <Assistant_System>Mall-Mall-Treasury Display</> to purchase.\n3. Enter <Assistant_System>Mall-General Store-Reimbursement Shop/Adventure Shop</> to purchase.\n4. Open the Connection Shop via <Assistant_System>Menu-Connection-Exchange</> to exchange.\n5. Obtain through <Assistant_System>Gift of Fate</> or <Assistant_System>Ranked Ladder</>.\n6. Obtain through some <Assistant_System>TRPG</> gameplay or <Assistant_System>Quests</>.\n<Assistant_Title3>Recommended Search:</>{SendAnswer:[Connections]|550}, {SendAnswer:[Relationship]|551}, {SendAnswer:[Befriend Connections]|554}	
369	<Assistant_Title1>Projection Fragment</>\n<Assistant_Title2>Item Introduction:</>\nThese are points obtained when {SendAnswer:结交人脉|554}obtaining duplicates{SendAnswer:人脉|550}, which can be used to {SendAnswer:人脉商店|558}exchange for various rewards.\n<Assistant_Title2>How to Obtain:</>\nYou can obtain Projection Fragments when you obtain duplicate Connections through befriending. The higher the quality of the duplicate Connection, the more you obtain.\n<Assistant_Title2>How to Consume:</>\nYou can open the <Assistant_System>Connection Shop</> via <Assistant_System>Menu-Connection-Exchange</> to exchange for corresponding items.\n<Assistant_Title3>Recommended Search:</>{SendAnswer:[人脉]|550}, {SendAnswer:[人脉商店]|558}, {SendAnswer:[结交人脉]|554}	<Assistant_Title1>Projection Fragment</>\n<Assistant_Title2>Item Introduction:</>\nThese are points obtained when {SendAnswer:Befriend Connections|554}obtaining duplicates{SendAnswer:Connections|550}, which can be used to {SendAnswer:Connection Shop|558}exchange for various rewards.\n<Assistant_Title2>How to Obtain:</>\nYou can obtain Projection Fragments when you obtain duplicate Connections through befriending. The higher the quality of the duplicate Connection, the more you obtain.\n<Assistant_Title2>How to Consume:</>\nYou can open the <Assistant_System>Connection Shop</> via <Assistant_System>Menu-Connection-Exchange</> to exchange for corresponding items.\n<Assistant_Title3>Recommended Search:</>{SendAnswer:[Connections]|550}, {SendAnswer:[Connection Shop]|558}, {SendAnswer:[Befriend Connections]|554}	
370	<Assistant_Title1>Relationship</>\n<Assistant_Title2>Gameplay Instructions:</>\nThere are special <Assistant_Property1>relationships</> between different Connections. Collect the corresponding {SendAnswer:人脉|550} to unlock/upgrade the relationship and refine your research into history. \nDepending on the level of <Assistant_Property2>Historical Research</>, you can obtain certain attribute bonuses. \nRelationships are divided into two categories: <Assistant_Property1>Co-op Relationship</> and <Assistant_Property1>Historical Relationship</>; both can improve Historical Research. \nFor Co-op Relationships, unlocking them can also provide certain ability enhancements for some Connections. A Connection Skill can only have one Co-op Relationship enhancement effect active at a time. \n<Assistant_Title3>Recommended Searches: </>{SendAnswer:[人脉]|550}, {SendAnswer:[结交人脉]|554}, {SendAnswer:[人脉许愿]|555}	<Assistant_Title1>Relationship</>\n<Assistant_Title2>Gameplay Instructions:</>\nThere are special <Assistant_Property1>relationships</> between different Connections. Collect the corresponding {SendAnswer:Connections|550} to unlock/upgrade the relationship and refine your research into history. \nDepending on the level of <Assistant_Property2>Historical Research</>, you can obtain certain attribute bonuses. \nRelationships are divided into two categories: <Assistant_Property1>Co-op Relationship</> and <Assistant_Property1>Historical Relationship</>; both can improve Historical Research. \nFor Co-op Relationships, unlocking them can also provide certain ability enhancements for some Connections. A Connection Skill can only have one Co-op Relationship enhancement effect active at a time. \n<Assistant_Title3>Recommended Searches: </>{SendAnswer:[Connections]|550}, {SendAnswer:[Befriend Connections]|554}, {SendAnswer:[Connection Wishing]|555}	
371	<Assistant_Title1>《I'm Back》</>\n<Assistant_Title2>Title Description: </>This person once brushed shoulders with death but miraculously survived.\n<Assistant_Title2>How to Obtain: </>After completing the achievement {SendAnswer:[死而复生就是奇迹]|1361}, use the item <Assistant_Property1>Title: I'm Back</> to equip it.\n<Assistant_Title2>Title Rarity: </><Assistant_Property1>Normal (Rarity 1)</>	<Assistant_Title1>《I'm Back》</>\n<Assistant_Title2>Title Description: </>This person once brushed shoulders with death but miraculously survived.\n<Assistant_Title2>How to Obtain: </>After completing the achievement {SendAnswer:[Resurrection is a Miracle]|1361}, use the item <Assistant_Property1>Title: I'm Back</> to equip it.\n<Assistant_Title2>Title Rarity: </><Assistant_Property1>Normal (Rarity 1)</>	
372	<Assistant_Title1>《我回来了》</>\n<Assistant_Title2>称号说明：</>此人曾与死亡擦肩而过，但奇迹般存活于此。\n<Assistant_Title2>获取方式：</>完成成就{SendAnswer:[死而复生就是奇迹]|1361}后，使用道具<Assistant_Property1>称号·我回来了</>即可装备。\n<Assistant_Title2>称号稀有度：</><Assistant_Property1>普通（稀有度1）</>	<Assistant_Title1>《I'm Back》</>\n<Assistant_Title2>Title Description: </>This person once brushed shoulders with death but miraculously survived.\n<Assistant_Title2>How to Obtain: </>After completing the achievement {SendAnswer:[Resurrection is a Miracle]|1361}, use the item <Assistant_Property1>Title: I'm Back</> to equip it.\n<Assistant_Title2>Title Rarity: </><Assistant_Property1>Normal (Rarity 1)</>	
373	<Assistant_Title1>【Antigonus Notebook】</>\n<Assistant_Title2>Quest Type: </><Assistant_Property2>Original Main Story</>\n<Assistant_Title2>Quest Description: </>A lost soul, sleeping soundly in a broken old dream.\n<Assistant_Title2>How to Accept: </>Unlocked on the ninth day of the first season. Automatically accepted after completing Chapter 5 of the original story, \"First Official Commission,\" and reaching an Acting Level of <Assistant_Red>63</>.\n<Assistant_Title2>Quest Rewards</>: Cognition EXP, Bound Sol, Bound Gold Pound, Historical Beacon\n<Assistant_Title3>Recommended Search: </>{SendAnswer:[副本·安提哥努斯笔记]|18}	<Assistant_Title1>【Antigonus Notebook】</>\n<Assistant_Title2>Quest Type: </><Assistant_Property2>Original Main Story</>\n<Assistant_Title2>Quest Description: </>A lost soul, sleeping soundly in a broken old dream.\n<Assistant_Title2>How to Accept: </>Unlocked on the ninth day of the first season. Automatically accepted after completing Chapter 5 of the original story, \"First Official Commission,\" and reaching an Acting Level of <Assistant_Red>63</>.\n<Assistant_Title2>Quest Rewards</>: Cognition EXP, Bound Sol, Bound Gold Pound, Historical Beacon\n<Assistant_Title3>Recommended Search: </>{SendAnswer:[Dungeon·Antigonus Notebook]|18}	
374	<Assistant_Title1>【Appearance Hiding in Story Mode】</>\n<Assistant_Title2>System Settings:</>Menu-Settings-Perspective-Story Mode{JumpToUI:[【前往查看】]|1302534}\n<Assistant_Title2>System Introduction:</>In Story Mode, you can hide certain large appearances: wings, body rings, and shoulder ornaments. You can set this to enable or disable in <Highlight>Settings-Perspective-Story Mode-Display Large Appearances in Story Mode</>.\n<Assistant_Title3>Recommended Searches:</>{SendAnswer:[剧情模式]|1323}	<Assistant_Title1>【Appearance Hiding in Story Mode】</>\n<Assistant_Title2>System Settings:</>Menu-Settings-Perspective-Story Mode{JumpToUI:[【View】]|1302534}\n<Assistant_Title2>System Introduction:</>In Story Mode, you can hide certain large appearances: wings, body rings, and shoulder ornaments. You can set this to enable or disable in <Highlight>Settings-Perspective-Story Mode-Display Large Appearances in Story Mode</>.\n<Assistant_Title3>Recommended Searches:</>{SendAnswer:[Story Mode]|1323}	
375	<Assistant_Title1>【Chat - Emoticons】</>\n<Assistant_Title2>System Access: </><Assistant_System>Chat - Emoticon button next to input box</>\n<Assistant_Title2>Emoticons: </>Includes emojis, system emoticons, and custom emoticons. \n<Assistant_Title2>Upload Custom Emoticons: </>In the Custom Emoticons tab, click the + button to upload your own; they can be used after approval. \n<Assistant_Title2>Custom Emoticon Limit: </>Limit is 50 custom emoticons. \n<Assistant_Title2>Emoticon Sync: </>All characters under the same account sync all emoticons by default. \n<Assistant_Title3>Recommended Searches: </>{SendAnswer:[聊天]|1413}	<Assistant_Title1>【Chat - Emoticons】</>\n<Assistant_Title2>System Access: </><Assistant_System>Chat - Emoticon button next to input box</>\n<Assistant_Title2>Emoticons: </>Includes emojis, system emoticons, and custom emoticons. \n<Assistant_Title2>Upload Custom Emoticons: </>In the Custom Emoticons tab, click the + button to upload your own; they can be used after approval. \n<Assistant_Title2>Custom Emoticon Limit: </>Limit is 50 custom emoticons. \n<Assistant_Title2>Emoticon Sync: </>All characters under the same account sync all emoticons by default. \n<Assistant_Title3>Recommended Searches: </>{SendAnswer:[Chat]|1413}	
376	<Assistant_Title1>【Club - Buildings and Funds】</>\n<Assistant_Title2>System Access: </><Assistant_System>Menu - Club - Building Upgrade</>{JumpToUI:[【前往查看】]|1250318}\n<Assistant_Title2>Source of Funds: </>Club Activity Allowance and Club activities.\n<Assistant_Title2>Fund Description: </>Can be used for Club building upgrades to improve Club strength, benefits, and scale.\n<Assistant_Title2>Club Fund Consumption: </>Building upgrades consume Club funds and require a certain amount of time. Each building has corresponding level-up effects, and other buildings cannot exceed the level of the Council Hall.\n<Assistant_Title2>Building upgrade caps are gradually opened based on server time:</>Level 3: After 8:00 AM on the 7th day of server launch\nLevel 4: After 8:00 AM on the 14th day of server launch\nLevel 5: After 8:00 AM on the 21st day of server launch\nLevel 6: After 8:00 AM on the 30th day of server launch\nLevel 7: After 8:00 AM on the 45th day of server launch\nLevel 8: After 8:00 AM on the 60th day of server launch \n<Assistant_Title3>Recommended Searches: </>{SendAnswer:[俱乐部]|1400}, {SendAnswer:[俱乐部-俱乐部职位]|1402}, {SendAnswer:[俱乐部-俱乐部活跃]|1403}, {SendAnswer:[俱乐部-俱乐部活跃津贴]|1404}	<Assistant_Title1>【Club - Buildings and Funds】</>\n<Assistant_Title2>System Access: </><Assistant_System>Menu - Club - Building Upgrade</>{JumpToUI:[【View】]|1250318}\n<Assistant_Title2>Source of Funds: </>Club Activity Allowance and Club activities.\n<Assistant_Title2>Fund Description: </>Can be used for Club building upgrades to improve Club strength, benefits, and scale.\n<Assistant_Title2>Club Fund Consumption: </>Building upgrades consume Club funds and require a certain amount of time. Each building has corresponding level-up effects, and other buildings cannot exceed the level of the Council Hall.\n<Assistant_Title2>Building upgrade caps are gradually opened based on server time:</>Level 3: After 8:00 AM on the 7th day of server launch\nLevel 4: After 8:00 AM on the 14th day of server launch\nLevel 5: After 8:00 AM on the 21st day of server launch\nLevel 6: After 8:00 AM on the 30th day of server launch\nLevel 7: After 8:00 AM on the 45th day of server launch\nLevel 8: After 8:00 AM on the 60th day of server launch \n<Assistant_Title3>Recommended Searches: </>{SendAnswer:[Club]|1400}, {SendAnswer:[Club-Club Position]|1402}, {SendAnswer:[Club-Club Activity]|1403}, {SendAnswer:[Club-Club Activity Allowance]|1404}	
377	<Assistant_Title1>【Club - Club Activity Allowance】</>\n<Assistant_Title2>System Access: </><Assistant_System>Menu - Club - Benefits - Activity Allowance</>{JumpToUI:[【前往查看】]|1250320}\n<Assistant_Title2>Gameplay Description: </>Complete activity allowance quests to earn Peer Emblems, Club activity, and Club fund rewards.\nClub activity is the sum of individual activity values of current Club members; reaching corresponding values allows you to claim extra rewards.\nActivity allowance rewards will refresh every Monday at 8:00; please claim your rewards in time.\n<Assistant_Title3>Recommended Searches: </>{SendAnswer:[俱乐部]|1400}, {SendAnswer:[俱乐部-俱乐部分红]|1405}, {SendAnswer:[俱乐部-俱乐部活跃]|1403}	<Assistant_Title1>【Club - Club Activity Allowance】</>\n<Assistant_Title2>System Access: </><Assistant_System>Menu - Club - Benefits - Activity Allowance</>{JumpToUI:[【View】]|1250320}\n<Assistant_Title2>Gameplay Description: </>Complete activity allowance quests to earn Peer Emblems, Club activity, and Club fund rewards.\nClub activity is the sum of individual activity values of current Club members; reaching corresponding values allows you to claim extra rewards.\nActivity allowance rewards will refresh every Monday at 8:00; please claim your rewards in time.\n<Assistant_Title3>Recommended Searches: </>{SendAnswer:[Club]|1400}, {SendAnswer:[Club-Club Dividends]|1405}, {SendAnswer:[Club-Club Activity]|1403}	
378	<Assistant_Title1>【Club - Club Activity】</>\n<Assistant_Title2>Activity Level: </>Club activity levels are divided from high to low into \nQuiet Affairs (<720)\nRoutine Operations (720~2400)\nProsperous Affairs (>2400)\n<Assistant_Title2>Source of Activity: </>Activity Allowance\n<Assistant_Title2>Activity Description: </>The higher the Club activity, the higher the weekly Club dividend reward.\n<Assistant_Title2>Activity Consumption: </>Daily Club maintenance will deduct 5% of the current activity. If the activity remains at 'Quiet Affairs' for 7 consecutive days, the Council Hall level will be reduced by 1.<Assistant_Red>If the Council Hall level is lower than level 1, the Club will be automatically disbanded.</>\n<Assistant_Title3>Recommended Searches: </>{SendAnswer:[俱乐部]|1400}, {SendAnswer:[俱乐部-俱乐部活跃津贴]|1404}, {SendAnswer:[俱乐部-俱乐部分红]|1405}	<Assistant_Title1>【Club - Club Activity】</>\n<Assistant_Title2>Activity Level: </>Club activity levels are divided from high to low into \nQuiet Affairs (<720)\nRoutine Operations (720~2400)\nProsperous Affairs (>2400)\n<Assistant_Title2>Source of Activity: </>Activity Allowance\n<Assistant_Title2>Activity Description: </>The higher the Club activity, the higher the weekly Club dividend reward.\n<Assistant_Title2>Activity Consumption: </>Daily Club maintenance will deduct 5% of the current activity. If the activity remains at 'Quiet Affairs' for 7 consecutive days, the Council Hall level will be reduced by 1.<Assistant_Red>If the Council Hall level is lower than level 1, the Club will be automatically disbanded.</>\n<Assistant_Title3>Recommended Searches: </>{SendAnswer:[Club]|1400}, {SendAnswer:[Club-Club Activity Allowance]|1404}, {SendAnswer:[Club-Club Dividends]|1405}	
379	<Assistant_Title1>【Club - Club Dividends】</>\n<Assistant_Title2>System Access: </><Assistant_System>Menu - Club - Benefits - Dividends</>{JumpToUI:[【前往查看】]|1250319}\n<Assistant_Title2>Gameplay Description: </>You can claim Club dividend rewards once a week.\nClub dividend rewards are affected by the Club's activity level and your personal activity in the current Club last week.\nClub dividend rewards will refresh every Monday at 8:00; please claim your rewards in time.\n<Assistant_Title3>Recommended Searches: </>{SendAnswer:[俱乐部]|1400}, {SendAnswer:[俱乐部-俱乐部活跃津贴]|1404}, {SendAnswer:[俱乐部-俱乐部活跃]|1403}	<Assistant_Title1>【Club - Club Dividends】</>\n<Assistant_Title2>System Access: </><Assistant_System>Menu - Club - Benefits - Dividends</>{JumpToUI:[【View】]|1250319}\n<Assistant_Title2>Gameplay Description: </>You can claim Club dividend rewards once a week.\nClub dividend rewards are affected by the Club's activity level and your personal activity in the current Club last week.\nClub dividend rewards will refresh every Monday at 8:00; please claim your rewards in time.\n<Assistant_Title3>Recommended Searches: </>{SendAnswer:[Club]|1400}, {SendAnswer:[Club-Club Activity Allowance]|1404}, {SendAnswer:[Club-Club Activity]|1403}	
380	<Assistant_Title1>【Club - Club Positions】</>\n<Assistant_Title2>President: </>The President is the leader of the Club, holding the highest authority and representing the Club in handling internal management and diplomatic rights.\n<Assistant_Title2>Vice President: </>The Vice President is an important position assisting the President, holding high authority second only to the President, and can exercise some internal management and diplomatic rights on behalf of the President, appointed by the President.\n<Assistant_Title2>Director: </>Directors are management positions in the Club with a certain degree of management authority, appointed by the President, up to 3 people.\n<Assistant_Title2>Group Leader: </>Group Leaders are the core management for Club activities, responsible for the appointment and dismissal of members within the group, and organizing activities like league team formation. Each Club has 4 groups, each with a maximum of 30 people; members within a group automatically gain qualification for league participation.\n<Assistant_Title2>Club Star: </>Club Stars are the face of the Club, responsible for recruiting and entertaining new members, appointed by the President, up to 2 people.\n<Assistant_Title2>Official Member: </>Official Members are the backbone of the Club and can participate in Club activities.<Assistant_Red>Some activities only support Official Members participating</>.\n<Assistant_Title2>Reserve Member: </>Reserve Members are the reserve force of the Club and cannot participate in some Club activities. Keep working hard, stay active, and contact management to join as an Official Member.\n<Assistant_Title2>Position Adjustment: </>Club members can hold management positions, group positions, and Club Star positions simultaneously; management positions include President, Vice President, and Director.\n<Assistant_Title2>Permission Adjustment: </>The Club President can adjust the permission allocation for different positions in the permission adjustment interface.\n<Assistant_Title3>Recommended Searches: </>{SendAnswer:[俱乐部]|1400}, {SendAnswer:[俱乐部-俱乐部建筑和资金]|1401}, {SendAnswer:[俱乐部-俱乐部活跃]|1403}	<Assistant_Title1>【Club - Club Positions】</>\n<Assistant_Title2>President: </>The President is the leader of the Club, holding the highest authority and representing the Club in handling internal management and diplomatic rights.\n<Assistant_Title2>Vice President: </>The Vice President is an important position assisting the President, holding high authority second only to the President, and can exercise some internal management and diplomatic rights on behalf of the President, appointed by the President.\n<Assistant_Title2>Director: </>Directors are management positions in the Club with a certain degree of management authority, appointed by the President, up to 3 people.\n<Assistant_Title2>Group Leader: </>Group Leaders are the core management for Club activities, responsible for the appointment and dismissal of members within the group, and organizing activities like league team formation. Each Club has 4 groups, each with a maximum of 30 people; members within a group automatically gain qualification for league participation.\n<Assistant_Title2>Club Star: </>Club Stars are the face of the Club, responsible for recruiting and entertaining new members, appointed by the President, up to 2 people.\n<Assistant_Title2>Official Member: </>Official Members are the backbone of the Club and can participate in Club activities.<Assistant_Red>Some activities only support Official Members participating</>.\n<Assistant_Title2>Reserve Member: </>Reserve Members are the reserve force of the Club and cannot participate in some Club activities. Keep working hard, stay active, and contact management to join as an Official Member.\n<Assistant_Title2>Position Adjustment: </>Club members can hold management positions, group positions, and Club Star positions simultaneously; management positions include President, Vice President, and Director.\n<Assistant_Title2>Permission Adjustment: </>The Club President can adjust the permission allocation for different positions in the permission adjustment interface.\n<Assistant_Title3>Recommended Searches: </>{SendAnswer:[Club]|1400}, {SendAnswer:[Club - Club Buildings and Funds]|1401}, {SendAnswer:[Club - Club Activity]|1403}	
381	<Assistant_Title1>【Club Brawl - Gameplay Rules】</>\n When registration opens, the mode will randomly select <Assistant_Red>16</> players from the club members to serve as <Assistant_Property1>Illusion Projections</> for participants to use. All participants use the same types of projections. \n The competition is divided into multiple rounds. Players can choose projections to enter into <Assistant_Property1>any round</> to participate in the competition. Projections that have already been entered cannot be <Assistant_Property1>reused</>. \n When the designated round begins, the projections for that round will be summoned and <Assistant_Property1>fight automatically</>. Participants can go to the club headquarters to <Assistant_Property1>watch the battle</>.\n<Assistant_Title3> Recommended Search: </>{SendAnswer:[俱乐部乱斗]|8}, {SendAnswer:[俱乐部乱斗-得分规则]|10}	<Assistant_Title1>【Club Brawl - Gameplay Rules】</>\n When registration opens, the mode will randomly select <Assistant_Red>16</> players from the club members to serve as <Assistant_Property1>Illusion Projections</> for participants to use. All participants use the same types of projections. \n The competition is divided into multiple rounds. Players can choose projections to enter into <Assistant_Property1>any round</> to participate in the competition. Projections that have already been entered cannot be <Assistant_Property1>reused</>. \n When the designated round begins, the projections for that round will be summoned and <Assistant_Property1>fight automatically</>. Participants can go to the club headquarters to <Assistant_Property1>watch the battle</>.\n<Assistant_Title3> Recommended Search: </>{SendAnswer:[Club Brawl]|8}, {SendAnswer:[Club Brawl - Scoring Rules]|10}	
382	<Assistant_Title1>【Club Brawl - Scoring Rules】</>\n Players will accumulate scores based on the performance of their projections on the battlefield: \n According to the survival ranking, the top three projections will receive <Assistant_Red>60, 40, 30</> points respectively, \n for every other projection that dies, your own projection gains <Assistant_Red>3</> points, \n and killing other projections grants <Assistant_Red>5</> points. \n Players must enter at least <Assistant_Red>8</> projections to receive rewards. After the competition ends, those with excellent total scores and those with outstanding projection data will receive additional <Assistant_Property1>title</> rewards.\n<Assistant_Title3> Recommended Search: </>{SendAnswer:[俱乐部乱斗]|8}, {SendAnswer:[俱乐部乱斗-玩法规则]|9}	<Assistant_Title1>【Club Brawl - Scoring Rules】</>\n Players will accumulate scores based on the performance of their projections on the battlefield: \n According to the survival ranking, the top three projections will receive <Assistant_Red>60, 40, 30</> points respectively, \n for every other projection that dies, your own projection gains <Assistant_Red>3</> points, \n and killing other projections grants <Assistant_Red>5</> points. \n Players must enter at least <Assistant_Red>8</> projections to receive rewards. After the competition ends, those with excellent total scores and those with outstanding projection data will receive additional <Assistant_Property1>title</> rewards.\n<Assistant_Title3> Recommended Search: </>{SendAnswer:[Club Brawl]|8}, {SendAnswer:[Club Brawl - Gameplay Rules]|9}	
383	<Assistant_Title1>【Club】</>\n<Assistant_Title2>Required Level: </>Cognition Level <Assistant_Red>Level 20</>\n<Assistant_Title2>System Access: </><Assistant_System>Menu - Club</>{JumpToUI:[【前往查看】]|1250052}\n<Assistant_Title2>System Introduction: </>Once your character reaches level 20, you can choose to join a Club or create your own. Participate in various Club activities to earn generous rewards and Peer Emblems, which can be exchanged for reward items in the Club Shop.\n<Assistant_Title2>Creating a Club: </>Creating a Club requires a creation fee. After creation, if the number of responses reaches 4 within 24 hours, the creation is successful; otherwise, it fails.<Assistant_Red>Neither failed creation nor voluntary cancellation will result in a refund of the creation fee.</>\n<Assistant_Title2>Club Types: </>Clubs are divided into Leisure Clubs and Combat Clubs. You can adjust this in the Club Information modification section. Leisure Clubs will not display Extraordinary Ratings in the member list.\n<Assistant_Title2>Rename Item: </>You can purchase a Renaming Notice in the <Assistant_System>Mall - Secret Collection</> to change the Club's name and emblem text.\n<Assistant_Title2>Activity Restrictions: </>1. Club Member Lock Rule: During Club-based activities (such as <Assistant_System>Four-Way League, Phantom of the Opera, Hunting City War, Highland War</>), Clubs <Assistant_Red>do not allow members to join or leave.</>\n2. Club Activity Pathway Limit: Some Club activities have restrictions on the number of <Assistant_Red>Pathways</> participating; see the Club activity instructions for details.\n3. Before participating in activities, please confirm the position allocation. <Assistant_Red>Some activities only support Official Members participating</>. Official Members are the backbone of the Club and can participate in Club activities; Reserve Members are the reserve force of the Club and cannot participate in some activities. You can maintain an active status and contact management to be promoted to an Official Member.\n<Assistant_Title3>Basic Function Details: </>{SendAnswer:[俱乐部-俱乐部建筑和资金]|1401}, {SendAnswer:[俱乐部-俱乐部职位]|1402}, {SendAnswer:[俱乐部-俱乐部活跃]|1403}, {SendAnswer:[场景-俱乐部]|567}	<Assistant_Title1>【Club】</>\n<Assistant_Title2>Required Level: </>Cognition Level <Assistant_Red>Level 20</>\n<Assistant_Title2>System Access: </><Assistant_System>Menu - Club</>{JumpToUI:[【Go to View】]|1250052}\n<Assistant_Title2>System Introduction: </>Once your character reaches level 20, you can choose to join a Club or create your own. Participate in various Club activities to earn generous rewards and Peer Emblems, which can be exchanged for reward items in the Club Shop.\n<Assistant_Title2>Creating a Club: </>Creating a Club requires a creation fee. After creation, if the number of responses reaches 4 within 24 hours, the creation is successful; otherwise, it fails.<Assistant_Red>Neither failed creation nor voluntary cancellation will result in a refund of the creation fee.</>\n<Assistant_Title2>Club Types: </>Clubs are divided into Leisure Clubs and Combat Clubs. You can adjust this in the Club Information modification section. Leisure Clubs will not display Extraordinary Ratings in the member list.\n<Assistant_Title2>Rename Item: </>You can purchase a Renaming Notice in the <Assistant_System>Mall - Secret Collection</> to change the Club's name and emblem text.\n<Assistant_Title2>Activity Restrictions: </>1. Club Member Lock Rule: During Club-based activities (such as <Assistant_System>Four-Way League, Phantom of the Opera, Hunting City War, Highland War</>), Clubs <Assistant_Red>do not allow members to join or leave.</>\n2. Club Activity Pathway Limit: Some Club activities have restrictions on the number of <Assistant_Red>Pathways</> participating; see the Club activity instructions for details.\n3. Before participating in activities, please confirm the position allocation. <Assistant_Red>Some activities only support Official Members participating</>. Official Members are the backbone of the Club and can participate in Club activities; Reserve Members are the reserve force of the Club and cannot participate in some activities. You can maintain an active status and contact management to be promoted to an Official Member.\n<Assistant_Title3>Basic Function Details: </>{SendAnswer:[Club - Club Buildings and Funds]|1401}, {SendAnswer:[Club - Club Positions]|1402}, {SendAnswer:[Club - Club Activity]|1403}, {SendAnswer:[Scene - Club]|567}	
384	<Assistant_Title1>【Covenant/TRPG】</>\n<Assistant_System>Covenants</> are the core growth and faction system within the TRPG framework. After joining a Covenant, you can obtain an independent <Assistant_Property1>Covenant Level</>, <Assistant_Property1>Covenant Attributes</>, and exclusive gameplay corresponding to that Covenant.\n\n<Assistant_Title2>Main Content:</>\n1. Select a Covenant and complete attribute configuration.\n2. Obtain Covenant Action Points and various rewards through Covenant gameplay.\n3. Increase your Covenant Level to unlock rewards such as actions, appearances, and titles.\n4. Use attributes like Charm, Intuition, Knowledge, and Force for checks during exploration and Covenant gameplay.\n\n<Assistant_Title3>Recommended Searches:</>{SendAnswer:[如何加入教团]|1273}, {SendAnswer:[教团属性说明]|1275}, {SendAnswer:[教团行动值与周上限]|1276}	<Assistant_Title1>【Covenant/TRPG】</>\n<Assistant_System>Covenants</> are the core growth and faction system within the TRPG framework. After joining a Covenant, you can obtain an independent <Assistant_Property1>Covenant Level</>, <Assistant_Property1>Covenant Attributes</>, and exclusive gameplay corresponding to that Covenant.\n\n<Assistant_Title2>Main Content:</>\n1. Select a Covenant and complete attribute configuration.\n2. Obtain Covenant Action Points and various rewards through Covenant gameplay.\n3. Increase your Covenant Level to unlock rewards such as actions, appearances, and titles.\n4. Use attributes like Charm, Intuition, Knowledge, and Force for checks during exploration and Covenant gameplay.\n\n<Assistant_Title3>Recommended Searches:</>{SendAnswer:[How to Join a Covenant]|1273}, {SendAnswer:[Covenant Attribute Explanation]|1275}, {SendAnswer:[Covenant Action Points and Weekly Cap]|1276}	
385	<Assistant_Title1>【End-Time Hunt】</>\n<Assistant_Title2>Gameplay Description:</><Assistant_System>End-Time Hunt</> is a <Assistant_Property1>500-player free-for-all</> field gameplay taking place in the <Assistant_Red>City of Dragon Hunting</>. You can defeat supernatural creatures or hostile players to obtain <Assistant_Property1>Scarlet Relic Materials</> and Rank Points.\n<Assistant_Title2>Core Objective:</>Submit <Assistant_Property1>Scarlet Relic Materials</> to the <Assistant_System>Hunting Butler</> to advance the hunting progress and unlock stage rewards. Scarlet Relics are only effective within the City of Dragon Hunting and will be automatically invalidated and cleared upon leaving.\n<Assistant_Title2>Hunting Time:</>The gameplay is open all day; daily <Assistant_Red>19:00—20:00</> is Hunting Time, with additional sessions on Saturday and Sunday from <Assistant_Red>14:00—15:00</>. During Hunting Time, the amount of Rank Points involved in killing or being killed is doubled.\n<Assistant_Title2>Royal City Event:</>10 minutes after the start of the Friday night Hunting Time, i.e., <Assistant_Red>19:10</>, the Dragon - Projection will refresh in the center of the Royal City; outside of Friday night sessions, the Royal City Guardian will refresh 10 minutes after the start of other Hunting Times.\n<Assistant_Title2>Team Settlement:</>The killer and up to 29 team members who meet the assist conditions participate in the reward settlement. Scarlet Relics are distributed equally among the participants, with remainders prioritized to the killer, and the rest randomly distributed among other participants.\n<Assistant_Title2>Plunder Rules:</>The more fragments displayed above a player's head, the higher the proportion of Scarlet Relics that can be plundered; for every 500 fragments increased, the plunder proportion increases accordingly.\n<Assistant_Title2>Rank Rules:</>When your rank is below <Assistant_Red>Count Tier 1</>, you will not lose Rank Points when killed. Rank Points obtained by killing players will be reduced according to rules during 01:00—08:00 daily and when repeatedly killing the same target within a short period.\n<Assistant_Title2>Participation Method:</>{JumpToUI:[前往终末猎杀]|1250342}	<Assistant_Title1>【End-Time Hunt】</>\n<Assistant_Title2>Gameplay Description:</><Assistant_System>End-Time Hunt</> is a <Assistant_Property1>500-player free-for-all</> field gameplay taking place in the <Assistant_Red>City of Dragon Hunting</>. You can defeat supernatural creatures or hostile players to obtain <Assistant_Property1>Scarlet Relic Materials</> and Rank Points.\n<Assistant_Title2>Core Objective:</>Submit <Assistant_Property1>Scarlet Relic Materials</> to the <Assistant_System>Hunting Butler</> to advance the hunting progress and unlock stage rewards. Scarlet Relics are only effective within the City of Dragon Hunting and will be automatically invalidated and cleared upon leaving.\n<Assistant_Title2>Hunting Time:</>The gameplay is open all day; daily <Assistant_Red>19:00—20:00</> is Hunting Time, with additional sessions on Saturday and Sunday from <Assistant_Red>14:00—15:00</>. During Hunting Time, the amount of Rank Points involved in killing or being killed is doubled.\n<Assistant_Title2>Royal City Event:</>10 minutes after the start of the Friday night Hunting Time, i.e., <Assistant_Red>19:10</>, the Dragon - Projection will refresh in the center of the Royal City; outside of Friday night sessions, the Royal City Guardian will refresh 10 minutes after the start of other Hunting Times.\n<Assistant_Title2>Team Settlement:</>The killer and up to 29 team members who meet the assist conditions participate in the reward settlement. Scarlet Relics are distributed equally among the participants, with remainders prioritized to the killer, and the rest randomly distributed among other participants.\n<Assistant_Title2>Plunder Rules:</>The more fragments displayed above a player's head, the higher the proportion of Scarlet Relics that can be plundered; for every 500 fragments increased, the plunder proportion increases accordingly.\n<Assistant_Title2>Rank Rules:</>When your rank is below <Assistant_Red>Count Tier 1</>, you will not lose Rank Points when killed. Rank Points obtained by killing players will be reduced according to rules during 01:00—08:00 daily and when repeatedly killing the same target within a short period.\n<Assistant_Title2>Participation Method:</>{JumpToUI:[Go to End-Time Hunt]|1250342}	
386	<Assistant_Title1>【Event】</>\n<Assistant_Title2>Event Goal: </>Various unexpected events will constantly occur in the City of Shadows. Participate in and complete events to obtain bounty rewards and advance gameplay progress.\n<Assistant_Title2>Tips: </>Prioritize completing {SendAnswer:剧情事件|879} to gradually unlock more {SendAnswer:挑战事件|880} and {SendAnswer:竞技事件|881} and experience the complete City of Shadows content.\n<Assistant_Title2>1. Event Types (includes three types): </>\n<Assistant_Title3>① Plot Events: </>Advance the plot and unlock more gameplay content.\n<Assistant_Title3>② Challenge Events: </>Complete boss challenges, racing, and other gameplay to obtain rich rewards. Note: Fierce Battle · Bonnie will convert attributes based on the player's combat power, affecting the challenge.\n<Assistant_Title3>③ Competition Events: </>Participate in resource contention, chases, and compete with other players in the same arena.\n<Assistant_Title2>2. Event Refresh Rules: </>Only events that are currently unlocked and meet the activation conditions will be displayed. As the plot progresses, more events will be gradually unlocked.\n<Assistant_Title3>Plot Events: </>Unlocked after completing prerequisites; they will not refresh randomly.\n<Assistant_Title3>Challenge Events: </>Continuously refresh after meeting activation conditions; they reappear approximately 10 seconds after completion.\n<Assistant_Title3>Competition Events: </>Open for matchmaking at specified times daily; starts after successful matchmaking.\n<Assistant_Title2>3. Reward Rules: </>\n<Assistant_Title3>① Plot Events: </>Complete to claim rewards.\n<Assistant_Title3>② Challenge Events: </>Racing challenges distribute rewards based on ranking; Fierce Battle · Bonnie has tiered rewards based on performance; difficult boss events do not have tiered rewards.\n<Assistant_Title3>③ Competition Events: </>Rewards are distributed based on final ranking.\n<Assistant_Title2>4. Reward Cap: </>There is no limit to the number of times event rewards can be claimed, but there is a weekly cap on the Bounty Value that can be obtained. You can continue to participate in events after reaching the cap, but you will not continue to receive Bounty Value.\n<Assistant_Title2>5. Failure Conditions: </>\nFailure to complete event objectives within the specified time.\nLeaving the event area too far during the event is considered a voluntary abandonment.	<Assistant_Title1>【Event】</>\n<Assistant_Title2>Event Goal: </>Various unexpected events will constantly occur in the City of Shadows. Participate in and complete events to obtain bounty rewards and advance gameplay progress.\n<Assistant_Title2>Tips: </>Prioritize completing {SendAnswer:Plot Events|879} to gradually unlock more {SendAnswer:Challenge Events|880} and {SendAnswer:Competition Events|881} and experience the complete City of Shadows content.\n<Assistant_Title2>1. Event Types (includes three types): </>\n<Assistant_Title3>① Plot Events: </>Advance the plot and unlock more gameplay content.\n<Assistant_Title3>② Challenge Events: </>Complete boss challenges, racing, and other gameplay to obtain rich rewards. Note: Fierce Battle · Bonnie will convert attributes based on the player's combat power, affecting the challenge.\n<Assistant_Title3>③ Competition Events: </>Participate in resource contention, chases, and compete with other players in the same arena.\n<Assistant_Title2>2. Event Refresh Rules: </>Only events that are currently unlocked and meet the activation conditions will be displayed. As the plot progresses, more events will be gradually unlocked.\n<Assistant_Title3>Plot Events: </>Unlocked after completing prerequisites; they will not refresh randomly.\n<Assistant_Title3>Challenge Events: </>Continuously refresh after meeting activation conditions; they reappear approximately 10 seconds after completion.\n<Assistant_Title3>Competition Events: </>Open for matchmaking at specified times daily; starts after successful matchmaking.\n<Assistant_Title2>3. Reward Rules: </>\n<Assistant_Title3>① Plot Events: </>Complete to claim rewards.\n<Assistant_Title3>② Challenge Events: </>Racing challenges distribute rewards based on ranking; Fierce Battle · Bonnie has tiered rewards based on performance; difficult boss events do not have tiered rewards.\n<Assistant_Title3>③ Competition Events: </>Rewards are distributed based on final ranking.\n<Assistant_Title2>4. Reward Cap: </>There is no limit to the number of times event rewards can be claimed, but there is a weekly cap on the Bounty Value that can be obtained. You can continue to participate in events after reaching the cap, but you will not continue to receive Bounty Value.\n<Assistant_Title2>5. Failure Conditions: </>\nFailure to complete event objectives within the specified time.\nLeaving the event area too far during the event is considered a voluntary abandonment.	
387	<Assistant_Title1>【Family - Level Rules】</>\n<Assistant_Title2>Rapport and Level: </>Complete weekly family Quests to earn Rapport and increase the family level. The weekly Rapport acquisition cap is <Assistant_Red>2000 points</>. \n<Assistant_Title2>Weekly Quests: </>Family members can earn Rapport by teaming up to participate in corresponding gameplay. \n    <Assistant_Property1>High-Multiplier Rapport: </>Earned during the first few completions of each quest per week; after exceeding this limit, only the normal multiplier is granted. \n    <Assistant_Property1>Refresh Time: </>Quests refresh weekly. \n<Assistant_Title3>Recommended Searches: </>{SendAnswer:[家族]|665}, {SendAnswer:[家族-契约方式]|666}, {SendAnswer:[家族-奖励说明]|667}, {SendAnswer:[家族-展台规则]|669}	<Assistant_Title1>【Family - Level Rules】</>\n<Assistant_Title2>Rapport and Level: </>Complete weekly family Quests to earn Rapport and increase the family level. The weekly Rapport acquisition cap is <Assistant_Red>2000 points</>. \n<Assistant_Title2>Weekly Quests: </>Family members can earn Rapport by teaming up to participate in corresponding gameplay. \n    <Assistant_Property1>High-Multiplier Rapport: </>Earned during the first few completions of each quest per week; after exceeding this limit, only the normal multiplier is granted. \n    <Assistant_Property1>Refresh Time: </>Quests refresh weekly. \n<Assistant_Title3>Recommended Searches: </>{SendAnswer:[Family]|665}, {SendAnswer:[Family - Covenant Method]|666}, {SendAnswer:[Family - Reward Description]|667}, {SendAnswer:[Family - Showcase Rules]|669}	
388	<Assistant_Title1>【Family - Showcase Rules】</>\n<Assistant_Title2>System Entry: </><Assistant_System>Menu - Family - Edit Showcase</>\n<Assistant_Title2>Editing Permissions: </>Different family members have different permissions to change showcase content. \n    <Assistant_Property1>Ordinary Members: </>Only their own character. \n    <Assistant_Property1>Chief: </>All member characters (the configurable action range is limited to what the corresponding player has unlocked), <Assistant_Property1>Camera</>, <Assistant_Property1>Scene</> (configurable range is limited to what the Chief has unlocked), <Assistant_Property1>Set Pieces</> (configurable range is limited to what the Chief has unlocked), <Assistant_Property1>Wind Direction</>, <Assistant_Property1>Color Grading</>. \n<Assistant_Title2>Showcase Removal: </>When a family member leaves the family, the following content for that player will be automatically removed from the showcase: \n    <Assistant_Property1>Showcase Character</>\n    <Assistant_Property1>Scene</> (if used) \n    <Assistant_Property1>Set Pieces</> (if used) \n<Assistant_Title2>Showcase Unlocks: </>As the family level increases, exclusive family showcase scenes are unlocked at level 2 and level 6. These scenes can only be used in the family showcase. \n<Assistant_Title3>Recommended Searches: </>{SendAnswer:[家族]|665}, {SendAnswer:[家族-契约方式]|666}, {SendAnswer:[家族-奖励说明]|667}, {SendAnswer:[家族-等级规则]|668}	<Assistant_Title1>【Family - Showcase Rules】</>\n<Assistant_Title2>System Entry: </><Assistant_System>Menu - Family - Edit Showcase</>\n<Assistant_Title2>Editing Permissions: </>Different family members have different permissions to change showcase content. \n    <Assistant_Property1>Ordinary Members: </>Only their own character. \n    <Assistant_Property1>Chief: </>All member characters (the configurable action range is limited to what the corresponding player has unlocked), <Assistant_Property1>Camera</>, <Assistant_Property1>Scene</> (configurable range is limited to what the Chief has unlocked), <Assistant_Property1>Set Pieces</> (configurable range is limited to what the Chief has unlocked), <Assistant_Property1>Wind Direction</>, <Assistant_Property1>Color Grading</>. \n<Assistant_Title2>Showcase Removal: </>When a family member leaves the family, the following content for that player will be automatically removed from the showcase: \n    <Assistant_Property1>Showcase Character</>\n    <Assistant_Property1>Scene</> (if used) \n    <Assistant_Property1>Set Pieces</> (if used) \n<Assistant_Title2>Showcase Unlocks: </>As the family level increases, exclusive family showcase scenes are unlocked at level 2 and level 6. These scenes can only be used in the family showcase. \n<Assistant_Title3>Recommended Searches: </>{SendAnswer:[Family]|665}, {SendAnswer:[Family - Contract Methods]|666}, {SendAnswer:[Family - Reward Explanation]|667}, {SendAnswer:[Family - Level Rules]|668}	
389	<Assistant_Title1>【Family】</>\n<Assistant_Title2>Unlock Level: </>Cognitive Level <Assistant_Red>37</>\n<Assistant_Title2>System Entry: </><Assistant_System>Menu-Family</>{JumpToUI:[【前往查看】]|1250091}\n<Assistant_Title2>System Introduction: </>In the name of the family, with oaths as locks, be each other's anchors on the edge of the abyss of fate. Find friends with common goals to establish a family contract, complete family quests to increase family level, and obtain <Assistant_Property1>Companion Emblems</> to exchange for <Assistant_Property1>precious rewards</>.\n<Assistant_Title3>Detailed Rules: </>{SendAnswer:[家族-契约方式]|666}, {SendAnswer:[家族-奖励说明]|667}, {SendAnswer:[家族-等级规则]|668}, {SendAnswer:[家族-展台规则]|669}	<Assistant_Title1>【Family】</>\n<Assistant_Title2>Unlock Level: </>Cognitive Level <Assistant_Red>37</>\n<Assistant_Title2>System Entry: </><Assistant_System>Menu-Family</>{JumpToUI:[【Go to View】]|1250091}\n<Assistant_Title2>System Introduction: </>In the name of the family, with oaths as locks, be each other's anchors on the edge of the abyss of fate. Find friends with common goals to establish a family contract, complete family quests to increase family level, and obtain <Assistant_Property1>Companion Emblems</> to exchange for <Assistant_Property1>precious rewards</>.\n<Assistant_Title3>Detailed Rules: </>{SendAnswer:[Family - Contract Methods]|666}, {SendAnswer:[Family - Reward Explanation]|667}, {SendAnswer:[Family - Level Rules]|668}, {SendAnswer:[Family - Showcase Rules]|669}	
390	<Assistant_Title1>【Friends - Friend List】</>\n<Assistant_Title2>System Access: </><Assistant_System>Menu - Friends</>{JumpToUI:[【前往查看】]|1250030}\n<Assistant_Title2>Friend Limit: </>The limit for friends on the current server is 200, and cross-server friends have an independent group with a limit of 50.\n<Assistant_Title2>Visibility Settings: </><Assistant_System>In Friends - Settings (Top Right)</>, you can set the visibility range of your online status. You can choose from four states: Visible to All, Invisible to All, Invisible to Specific People, or Partially Visible. You can also adjust visibility and invisibility ranges in the settings. If there are players in a group chat who are not your friends, this visibility setting will not take effect.\n<Assistant_Title2>Friend Groups: </><Assistant_System>Below Menu - Friends</>, click <Assistant_System>Create Group</> to create custom friend groups; you can create up to 6 groups. After creating a group, you can sort and quickly delete them via <Assistant_System>Manage Groups</>.\n<Assistant_Title2>Club Members: </>This group list displays current Club members who are not your friends by default.\n<Assistant_Title3>Recommended Searches: </>{SendAnswer:[好友]|1406}, {SendAnswer:[好友-私聊]|1408}, {SendAnswer:[好友-群聊]|1409}, {SendAnswer:[好友-好友度]|1410}, {SendAnswer:[好友-跨服好友]|1411}, {SendAnswer:[好友-删除拉黑]|1412}	<Assistant_Title1>【Friends - Friend List】</>\n<Assistant_Title2>System Access: </><Assistant_System>Menu - Friends</>{JumpToUI:[【Go to View】]|1250030}\n<Assistant_Title2>Friend Limit: </>The limit for friends on the current server is 200, and cross-server friends have an independent group with a limit of 50.\n<Assistant_Title2>Visibility Settings: </><Assistant_System>In Friends - Settings (Top Right)</>, you can set the visibility range of your online status. You can choose from four states: Visible to All, Invisible to All, Invisible to Specific People, or Partially Visible. You can also adjust visibility and invisibility ranges in the settings. If there are players in a group chat who are not your friends, this visibility setting will not take effect.\n<Assistant_Title2>Friend Groups: </><Assistant_System>Below Menu - Friends</>, click <Assistant_System>Create Group</> to create custom friend groups; you can create up to 6 groups. After creating a group, you can sort and quickly delete them via <Assistant_System>Manage Groups</>.\n<Assistant_Title2>Club Members: </>This group list displays current Club members who are not your friends by default.\n<Assistant_Title3>Recommended Searches: </>{SendAnswer:[Friends]|1406}, {SendAnswer:[Friends - Private Chat]|1408}, {SendAnswer:[Friends - Group Chat]|1409}, {SendAnswer:[Friends - Friendliness]|1410}, {SendAnswer:[Friends - Cross-Server Friends]|1411}, {SendAnswer:[Friends - Delete and Block]|1412}	
391	<Assistant_Title1>【Friends - Group Chat】</>\n<Assistant_Title2>System Access: </><Assistant_System>Menu - Friends - Group Chat</>\n<Assistant_Title2>Create and Join Group Chat: </><Assistant_System>In Menu - Friends - Group Chat</>, click the Create Group Chat button to create a group and invite friends to join. You can also join existing group chats through invitations from group members.\n<Assistant_Title2>Group Chat Members: </>The limit for a single group chat is 50 people; group chats support cross-server friends joining.\n<Assistant_Title2>Group Chat Voice: </>Click <Assistant_System>Create Voice</> to initiate a group voice call; group chat voice is not mutually exclusive with voice rooms or team voice.\n<Assistant_Title3>Recommended Searches: </>{SendAnswer:[好友]|1406}, {SendAnswer:[好友-好友列表]|1407}, {SendAnswer:[好友-私聊]|1408}, {SendAnswer:[好友-好友度]|1410}, {SendAnswer:[好友-跨服好友]|1411}, {SendAnswer:[好友-删除拉黑]|1412}	<Assistant_Title1>【Friends - Group Chat】</>\n<Assistant_Title2>System Access: </><Assistant_System>Menu - Friends - Group Chat</>\n<Assistant_Title2>Create and Join Group Chat: </><Assistant_System>In Menu - Friends - Group Chat</>, click the Create Group Chat button to create a group and invite friends to join. You can also join existing group chats through invitations from group members.\n<Assistant_Title2>Group Chat Members: </>The limit for a single group chat is 50 people; group chats support cross-server friends joining.\n<Assistant_Title2>Group Chat Voice: </>Click <Assistant_System>Create Voice</> to initiate a group voice call; group chat voice is not mutually exclusive with voice rooms or team voice.\n<Assistant_Title3>Recommended Searches: </>{SendAnswer:[Friends]|1406}, {SendAnswer:[Friends - Friend List]|1407}, {SendAnswer:[Friends - Private Chat]|1408}, {SendAnswer:[Friends - Friendliness]|1410}, {SendAnswer:[Friends - Cross-Server Friends]|1411}, {SendAnswer:[Friends - Delete and Block]|1412}	
392	<Assistant_Title1>【Friends】</>\n<Assistant_Title2>Required Level: </>Cognition Level <Assistant_Red>Level 2</>\n<Assistant_Title2>System Access: </><Assistant_System>Menu - Friends</>{JumpToUI:[【前往查看】]|1250030}\n<Assistant_Title2>System Introduction: </>In the Friends interface, you can search for, add, and manage friends, view friend personal information and online status, and perform operations such as private chatting and gifting.\n<Assistant_Title2>Adding Friends: </><Assistant_System>Under the Friends - Add</> tab, enter a character nickname or numeric ID to search for friends on the current server or cross-server.\n<Assistant_Title2>Friend Requests: </><Assistant_System>Under the Friends - Requests</> tab, you can manage friend request information. \n<Assistant_Title2>Friend Recommendations: </><Assistant_System>Under the Friends - Add</> tab, the system automatically recommends friends from the current server.\n<Assistant_Title2>Friend Pop-up Settings: </><Assistant_System>In Settings - Social - Information Settings</>, you can manage whether to display friend request pop-ups.\n<Assistant_Title3>Basic Function Details: </>{SendAnswer:[好友-好友列表]|1407}, {SendAnswer:[好友-私聊]|1408}, {SendAnswer:[好友-群聊]|1409}, {SendAnswer:[好友-好友度]|1410}, {SendAnswer:[好友-跨服好友]|1411}, {SendAnswer:[好友-删除拉黑]|1412}	<Assistant_Title1>【Friends】</>\n<Assistant_Title2>Required Level: </>Cognition Level <Assistant_Red>Level 2</>\n<Assistant_Title2>System Access: </><Assistant_System>Menu - Friends</>{JumpToUI:[【Go to View】]|1250030}\n<Assistant_Title2>System Introduction: </>In the Friends interface, you can search for, add, and manage friends, view friend personal information and online status, and perform operations such as private chatting and gifting.\n<Assistant_Title2>Adding Friends: </><Assistant_System>Under the Friends - Add</> tab, enter a character nickname or numeric ID to search for friends on the current server or cross-server.\n<Assistant_Title2>Friend Requests: </><Assistant_System>Under the Friends - Requests</> tab, you can manage friend request information. \n<Assistant_Title2>Friend Recommendations: </><Assistant_System>Under the Friends - Add</> tab, the system automatically recommends friends from the current server.\n<Assistant_Title2>Friend Pop-up Settings: </><Assistant_System>In Settings - Social - Information Settings</>, you can manage whether to display friend request pop-ups.\n<Assistant_Title3>Basic Function Details: </>{SendAnswer:[Friends - Friend List]|1407}, {SendAnswer:[Friends - Private Chat]|1408}, {SendAnswer:[Friends - Group Chat]|1409}, {SendAnswer:[Friends - Friendliness]|1410}, {SendAnswer:[Friends - Cross-Server Friends]|1411}, {SendAnswer:[Friends - Delete and Block]|1412}	
393	<Assistant_Title1>【How to Join a Covenant】</>\nOnce the Covenant is unlocked, you can enter the joining process through the <Assistant_System>TRPG</> entrance or by finding the corresponding Covenant NPC.\n\n<Assistant_Title2>Joining Process:</>\n1. Open the Covenant selection interface.\n2. Select the Covenant you wish to join.\n3. View the abilities, faith, and recommended attributes of that Covenant.\n4. Confirm after completing attribute point allocation.\n\n<Assistant_Title3>Recommended Searches:</>{SendAnswer:[教团选择与属性加点]|1274}	<Assistant_Title1>【How to Join a Covenant】</>\nOnce the Covenant is unlocked, you can enter the joining process through the <Assistant_System>TRPG</> entrance or by finding the corresponding Covenant NPC.\n\n<Assistant_Title2>Joining Process:</>\n1. Open the Covenant selection interface.\n2. Select the Covenant you wish to join.\n3. View the abilities, faith, and recommended attributes of that Covenant.\n4. Confirm after completing attribute point allocation.\n\n<Assistant_Title3>Recommended Searches:</>{SendAnswer:[Covenant Selection and Attribute Allocation]|1274}	
394	<Assistant_Title1>【Mail】</>\n<Assistant_Title2>Mail Instructions: </>\n1. Click the <Assistant_System>Social - Mail</> icon in the bottom left of the main interface, or the <Assistant_System>Menu - Mail</> sidebar in the top right to open your mailbox.\n2. Click the star icon to bookmark mail; bookmarked mail goes to the Favorites folder. Mail in Favorites is permanent and can be viewed unless manually cleared (attachments cannot be bookmarked).\n3. Mail can only be sent by the system or a Club; for communication with friends, use <Assistant_System>Chat</>.\n<Assistant_Title2>Attachment Instructions: </>\n1. The mailbox has a capacity limit; mail exceeding this limit will be <Assistant_Red>automatically cleared</>. Please claim your mail promptly.\n2. Some mail has an <Assistant_Red>expiration date</>; after this time, it will <Assistant_Red>be impossible to claim</>. Please check your mail promptly.\n3. Once deleted, mail <Assistant_Red>cannot be recovered</> (bookmarked mail can still be viewed in the Favorites folder after deletion).\n<Assistant_Title3>Recommended Searches: </>{SendAnswer:[俱乐部群发邮件]|501}	<Assistant_Title1>【Mail】</>\n<Assistant_Title2>Mail Instructions: </>\n1. Click the <Assistant_System>Social - Mail</> icon in the bottom left of the main interface, or the <Assistant_System>Menu - Mail</> sidebar in the top right to open your mailbox.\n2. Click the star icon to bookmark mail; bookmarked mail goes to the Favorites folder. Mail in Favorites is permanent and can be viewed unless manually cleared (attachments cannot be bookmarked).\n3. Mail can only be sent by the system or a Club; for communication with friends, use <Assistant_System>Chat</>.\n<Assistant_Title2>Attachment Instructions: </>\n1. The mailbox has a capacity limit; mail exceeding this limit will be <Assistant_Red>automatically cleared</>. Please claim your mail promptly.\n2. Some mail has an <Assistant_Red>expiration date</>; after this time, it will <Assistant_Red>be impossible to claim</>. Please check your mail promptly.\n3. Once deleted, mail <Assistant_Red>cannot be recovered</> (bookmarked mail can still be viewed in the Favorites folder after deletion).\n<Assistant_Title3>Recommended Searches: </>{SendAnswer:[Club Mass Mail]|501}	
395	<Assistant_Title1>【Mysteries Circle - Tabs】</>\n<Assistant_Title2>Following Tab: </>The Following tab displays dynamic updates from players and NPCs you follow. \n<Assistant_Title2>Discover Tab: </>The Discover tab automatically pushes currently trending Mysteries Circle updates based on popularity. You can manually adjust the sorting to display by post time. \n<Assistant_Title2>Topics Tab: </>You can view the current topic rankings. \n<Assistant_Title3>Recommended Searches: </>{SendAnswer:[诡秘圈]|1390}, {SendAnswer:[诡秘圈-动态]|1391}, {SendAnswer:[诡秘圈-关系]|1392}, {SendAnswer:[诡秘圈-话题]|1394}	<Assistant_Title1>【Mysteries Circle - Tabs】</>\n<Assistant_Title2>Following Tab: </>The Following tab displays dynamic updates from players and NPCs you follow. \n<Assistant_Title2>Discover Tab: </>The Discover tab automatically pushes currently trending Mysteries Circle updates based on popularity. You can manually adjust the sorting to display by post time. \n<Assistant_Title2>Topics Tab: </>You can view the current topic rankings. \n<Assistant_Title3>Recommended Searches: </>{SendAnswer:[Mysteries Circle]|1390}, {SendAnswer:[Mysteries Circle-Updates]|1391}, {SendAnswer:[Mysteries Circle-Relationships]|1392}, {SendAnswer:[Mysteries Circle-Topics]|1394}	
396	<Assistant_Title1>【Mystery Circle - Relationships】</>\n<Assistant_Title2>Default Following: </>Mystery Circle follows NPCs by default.\n<Assistant_Title2>One-Way Following: </>You can see updates posted by players you follow on the Following tab.\n<Assistant_Title2>Mutual Following: </>When both parties follow each other, they become friends and are set to follow each other's Mystery Circle by default.\n<Assistant_Title2>Unfollow: </>After unfollowing, you will no longer see updates posted by that player on the Following tab. Deleting a friend or blocking them will automatically cancel the mutual following.\n<Assistant_Title2>Quick Operations: </>You can view your Mystery Circle following list and fan list on your <Assistant_System>Personal Homepage</>{JumpToUI:[【前往查看】]|1302302}, and perform quick operations like unfollowing or removing fans.\n<Assistant_Title3>Recommended Searches: </>{SendAnswer:[诡秘圈]|1390}, {SendAnswer:[诡秘圈-动态]|1391}, {SendAnswer:[诡秘圈-页签]|1393}, {SendAnswer:[诡秘圈-话题]|1394}	<Assistant_Title1>【Mystery Circle - Relationships】</>\n<Assistant_Title2>Default Following: </>Mystery Circle follows NPCs by default.\n<Assistant_Title2>One-Way Following: </>You can see updates posted by players you follow on the Following tab.\n<Assistant_Title2>Mutual Following: </>When both parties follow each other, they become friends and are set to follow each other's Mystery Circle by default.\n<Assistant_Title2>Unfollow: </>After unfollowing, you will no longer see updates posted by that player on the Following tab. Deleting a friend or blocking them will automatically cancel the mutual following.\n<Assistant_Title2>Quick Operations: </>You can view your Mystery Circle following list and fan list on your <Assistant_System>Personal Homepage</>{JumpToUI:[【View】]|1302302}, and perform quick operations like unfollowing or removing fans.\n<Assistant_Title3>Recommended Searches: </>{SendAnswer:[Mysteries Circle]|1390}, {SendAnswer:[Mysteries Circle-Updates]|1391}, {SendAnswer:[Mysteries Circle-Tabs]|1393}, {SendAnswer:[Mysteries Circle-Topics]|1394}	
397	<Assistant_Title1>【Mystery Circle - Topics】</>\n<Assistant_Title2>Create Topic: </>You can add topics when posting updates. You can click the topic button to select an existing topic or add a new one using the #TopicName# format.\n<Assistant_Title2>Topic Leaderboard: </>The Topic tab displays a ranking of popular topics.\n<Assistant_Title2>Topic Updates: </>Click on a topic to view all updates under that topic.\n<Assistant_Title3>Recommended Searches: </>{SendAnswer:[诡秘圈]|1390}, {SendAnswer:[诡秘圈-动态]|1391}, {SendAnswer:[诡秘圈-关系]|1392}, {SendAnswer:[诡秘圈-页签]|1393}	<Assistant_Title1>【Mystery Circle - Topics】</>\n<Assistant_Title2>Create Topic: </>You can add topics when posting updates. You can click the topic button to select an existing topic or add a new one using the #TopicName# format.\n<Assistant_Title2>Topic Leaderboard: </>The Topic tab displays a ranking of popular topics.\n<Assistant_Title2>Topic Updates: </>Click on a topic to view all updates under that topic.\n<Assistant_Title3>Recommended Searches: </>{SendAnswer:[Mysteries Circle]|1390}, {SendAnswer:[Mysteries Circle-Updates]|1391}, {SendAnswer:[Mysteries Circle-Relationships]|1392}, {SendAnswer:[Mysteries Circle-Tabs]|1393}	
398	<Assistant_Title1>【Mystery Circle - Updates】</>\n<Assistant_Title2>Post Update: </>In the Mystery Circle interface, click the <Assistant_System>Post</> button to edit and publish an update. When posting, you can edit text, upload images, set topics, define visibility, and manage comment and repost permissions.\n<Assistant_Title2>Share to Mystery Circle: </>In the share interface, click the <Assistant_System>Share to Mystery Circle</> button to take a screenshot of the content and share it to the Mystery Circle.\n<Assistant_Title2>Delete Mystery Circle Posts and Comments: </>On your own updates and comments, click the '...' more button to delete them.\n<Assistant_Title2>Note: </><Assistant_Red>If Mystery Circle updates, comments, or images are non-compliant, they will be removed.</>If you discover any violations or abnormal behavior by other players, please report them or contact customer support promptly.\n<Assistant_Title3>Recommended Searches: </>{SendAnswer:[诡秘圈]|1390}, {SendAnswer:[诡秘圈-关系]|1392}, {SendAnswer:[诡秘圈-页签]|1393}, {SendAnswer:[诡秘圈-话题]|1394}	<Assistant_Title1>【Mystery Circle - Updates】</>\n<Assistant_Title2>Post Update: </>In the Mystery Circle interface, click the <Assistant_System>Post</> button to edit and publish an update. When posting, you can edit text, upload images, set topics, define visibility, and manage comment and repost permissions.\n<Assistant_Title2>Share to Mystery Circle: </>In the share interface, click the <Assistant_System>Share to Mystery Circle</> button to take a screenshot of the content and share it to the Mystery Circle.\n<Assistant_Title2>Delete Mystery Circle Posts and Comments: </>On your own updates and comments, click the '...' more button to delete them.\n<Assistant_Title2>Note: </><Assistant_Red>If Mystery Circle updates, comments, or images are non-compliant, they will be removed.</>If you discover any violations or abnormal behavior by other players, please report them or contact customer support promptly.\n<Assistant_Title3>Recommended Searches: </>{SendAnswer:[Mysteries Circle]|1390}, {SendAnswer:[Mysteries Circle-Relationships]|1392}, {SendAnswer:[Mysteries Circle-Tabs]|1393}, {SendAnswer:[Mysteries Circle-Topics]|1394}	
399	<Assistant_Title1>【Mystery Circle】</>\n<Assistant_Title2>System Access: </><Assistant_System>Chat Panel - Mystery Circle</>{JumpToUI:[【前往查看】]|1302512}\n<Assistant_Title2>My Mystery Circle: </><Assistant_System>Personal Homepage - Mystery Circle</>{JumpToUI:[【前往查看】]|1302302}\n<Assistant_Title2>Mystery Circle Data: </>You can view your Mystery Circle following list and fan list on your <Assistant_System>Personal Homepage</>{JumpToUI:[【前往查看】]|1302302}. You can view like data in <Assistant_System>Like List - Mystery Circle</>; Mystery Circle likes are not counted in the total like count on your personal homepage.\n<Assistant_Title2>Mystery Circle Operations: </>You can like, comment on, repost, and share other people's Mystery Circle updates within the Mystery Circle.\n<Assistant_Title2>Message Center: </>In the <Assistant_System>Message Center</> at the top right of the Mystery Circle, you will receive red dot notifications for likes, comments/replies, reposts, and @mentions from others regarding your Mystery Circle.\n<Assistant_Title2>Note: </><Assistant_Red>If Mystery Circle updates, comments, or images are non-compliant, they will be removed.</>If you discover any violations or abnormal behavior by other players, please report them or contact customer support promptly.\n<Assistant_Title3>Basic Function Details: </>{SendAnswer:[诡秘圈-动态]|1391}, {SendAnswer:[诡秘圈-关系]|1392}, {SendAnswer:[诡秘圈-页签]|1393}, {SendAnswer:[诡秘圈-话题]|1394}	<Assistant_Title1>【Mystery Circle】</>\n<Assistant_Title2>System Access: </><Assistant_System>Chat Panel - Mystery Circle</>{JumpToUI:[【View】]|1302512}\n<Assistant_Title2>My Mystery Circle: </><Assistant_System>Personal Homepage - Mystery Circle</>{JumpToUI:[【View】]|1302302}\n<Assistant_Title2>Mystery Circle Data: </>You can view your Mystery Circle following list and fan list on your <Assistant_System>Personal Homepage</>{JumpToUI:[【View】]|1302302}. You can view like data in <Assistant_System>Like List - Mystery Circle</>; Mystery Circle likes are not counted in the total like count on your personal homepage.\n<Assistant_Title2>Mystery Circle Operations: </>You can like, comment on, repost, and share other people's Mystery Circle updates within the Mystery Circle.\n<Assistant_Title2>Message Center: </>In the <Assistant_System>Message Center</> at the top right of the Mystery Circle, you will receive red dot notifications for likes, comments/replies, reposts, and @mentions from others regarding your Mystery Circle.\n<Assistant_Title2>Note: </><Assistant_Red>If Mystery Circle updates, comments, or images are non-compliant, they will be removed.</>If you discover any violations or abnormal behavior by other players, please report them or contact customer support promptly.\n<Assistant_Title3>Basic Function Details: </>{SendAnswer:[Mysteries Circle-Updates]|1391}, {SendAnswer:[Mysteries Circle-Relationships]|1392}, {SendAnswer:[Mysteries Circle-Tabs]|1393}, {SendAnswer:[Mysteries Circle-Topics]|1394}	
400	<Assistant_Title1>【Organization Selection and Attribute Point Allocation】</>\nWhen joining an organization, you will enter a process similar to TRPG character creation, mainly divided into three steps: <Assistant_Property1>Organization</>, <Assistant_Property1>Belief</>, <Assistant_Property1>Attributes</>.\n\n<Assistant_Title2>Rule Description:</>\n1. After selecting an organization, its abilities and beliefs will be automatically determined.\n2. Each organization has recommended attribute schemes, which you can use directly.\n3. The base attribute value is at least 8 and at most 16, with a total of 44 attribute points.\n\n<Assistant_Title3>Recommended Searches: </>{SendAnswer:[教团属性说明]|1275}, {SendAnswer:[如何加入教团]|1273}	<Assistant_Title1>【Organization Selection and Attribute Point Allocation】</>\nWhen joining an organization, you will enter a process similar to TRPG character creation, mainly divided into three steps: <Assistant_Property1>Organization</>, <Assistant_Property1>Belief</>, <Assistant_Property1>Attributes</>.\n\n<Assistant_Title2>Rule Description:</>\n1. After selecting an organization, its abilities and beliefs will be automatically determined.\n2. Each organization has recommended attribute schemes, which you can use directly.\n3. The base attribute value is at least 8 and at most 16, with a total of 44 attribute points.\n\n<Assistant_Title3>Recommended Searches: </>{SendAnswer:[Organization Attribute Description]|1275}, {SendAnswer:[How to Join an Organization]|1273}	
401	<Assistant_Title1>【Phantom of the Opera】</>\n<Assistant_Title2>Gameplay Description: </><Assistant_System>Phantom of the Opera</> is a gameplay where clubs compete in appearance coordination. The overall tournament format is similar to the Club League, but everyone needs to coordinate their appearances and compete in the Phantom Corridor. The gameplay will proceed by season/round, keeping pace with the Club League. \n<Assistant_Title2>Core Process: </>Announce the theme for the round at a specified time each week → Members perform fashion coordination and form a score ranking → Lock the top 5 scoring contestants before the start of the match → Club management adjusts the appearance order → The match takes place in the evening with 5 confrontations between clubs → Settle wins, losses, and rewards. \n<Assistant_Title2>Participation Conditions: </>Clubs must meet division/level conditions, and members must be official members; substitute members cannot participate. \n<Assistant_Title2>Recommended Search: </>{SendAnswer:[歌剧魅影-搭配规则]|910}, {SendAnswer:[歌剧魅影-比赛与奖励]|911}	<Assistant_Title1>【Phantom of the Opera】</>\n<Assistant_Title2>Gameplay Description: </><Assistant_System>Phantom of the Opera</> is a gameplay where clubs compete in appearance coordination. The overall tournament format is similar to the Club League, but everyone needs to coordinate their appearances and compete in the Phantom Corridor. The gameplay will proceed by season/round, keeping pace with the Club League. \n<Assistant_Title2>Core Process: </>Announce the theme for the round at a specified time each week → Members perform fashion coordination and form a score ranking → Lock the top 5 scoring contestants before the start of the match → Club management adjusts the appearance order → The match takes place in the evening with 5 confrontations between clubs → Settle wins, losses, and rewards. \n<Assistant_Title2>Participation Conditions: </>Clubs must meet division/level conditions, and members must be official members; substitute members cannot participate. \n<Assistant_Title2>Recommended Search: </>{SendAnswer:[Phantom of the Opera-Coordination Rules]|910}, {SendAnswer:[Phantom of the Opera-Matches and Rewards]|911}	
402	<Assistant_Title1>【Story Mode】</>\n<Assistant_Title2>System Settings:</>Menu-Settings-Perspective-Story Mode{JumpToUI:[【前往查看】]|1302534}\n<Assistant_Title2>System Introduction:</>After Story Mode is enabled, the camera will zoom in to a cinematic perspective within story planes to enhance immersion. You can manually toggle it on/off by clicking the switch under the photo button on the lower left of the screen, or permanently disable it in <Highlight>Settings-Perspective-Story Mode-Dynamic Story Mode Activation</>. Once disabled, Story Mode will no longer activate upon entering story planes (except for some combat scenes).\n<Assistant_Title3>Recommended Searches:</>{SendAnswer:[剧情模式下外观隐藏]|1324}	<Assistant_Title1>【Story Mode】</>\n<Assistant_Title2>System Settings:</>Menu-Settings-Perspective-Story Mode{JumpToUI:[【Go to View】]|1302534}\n<Assistant_Title2>System Introduction:</>After Story Mode is enabled, the camera will zoom in to a cinematic perspective within story planes to enhance immersion. You can manually toggle it on/off by clicking the switch under the photo button on the lower left of the screen, or permanently disable it in <Highlight>Settings-Perspective-Story Mode-Dynamic Story Mode Activation</>. Once disabled, Story Mode will no longer activate upon entering story planes (except for some combat scenes).\n<Assistant_Title3>Recommended Searches:</>{SendAnswer:[Hide Appearance in Story Mode]|1324}	
403	<Assistant_Title1>【The One Chasing the Wind and Snow】</>\n<Assistant_Title2>Quest Type: </><Assistant_Property2>Anecdotes of the Era</>\n<Assistant_Title2>Quest Description: </>An old gentleman is sitting on the snow, not sure if he is resting or needs help?\n<Assistant_Title2>How to Accept: </>After your Acting level reaches <Assistant_Red>Level 65</>, head to {Location:[霍纳奇斯山脉(684,554)]|58497;45487;3362;2;5200086;0} and talk to <Assistant_Red> the old gentleman </> to accept the quest.\n<Assistant_Title2>Quest Rewards</>: Cognitive Experience, invoices, Adventure Medals, World Adventure Treasure progress	<Assistant_Title1>【The One Chasing the Wind and Snow】</>\n<Assistant_Title2>Quest Type: </><Assistant_Property2>Anecdotes of the Era</>\n<Assistant_Title2>Quest Description: </>An old gentleman is sitting on the snow, not sure if he is resting or needs help?\n<Assistant_Title2>How to Accept: </>After your Acting level reaches <Assistant_Red>Level 65</>, head to {Location:[Hornacis Mountains(684,554)]|58497;45487;3362;2;5200086;0} and talk to <Assistant_Red> the old gentleman </> to accept the quest.\n<Assistant_Title2>Quest Rewards</>: Cognitive Experience, invoices, Adventure Medals, World Adventure Treasure progress	
404	<Assistant_Title1>【The Twelfth One】</>\n<Assistant_Title2>Quest Type: </><Assistant_Property2>Era Anecdote</>\n<Assistant_Title2>Quest Description: </>A blizzard is coming, and a man claiming to be a guide knows a shortcut down the mountain... \n<Assistant_Title2>How to Accept: </>After reaching <Assistant_Red>Acting Level 64</>, go to {Location:[霍纳奇斯山脉(294,449)]|19910;34435;652;2;5200086;0}the location and talk to the <Assistant_Red>man</> to accept the quest. \n<Assistant_Title2>Quest Rewards</>: Cognition EXP, Invoice Receipt, Adventure Medal, World Adventure Treasure Progress	<Assistant_Title1>【The Twelfth One】</>\n<Assistant_Title2>Quest Type: </><Assistant_Property2>Era Anecdote</>\n<Assistant_Title2>Quest Description: </>A blizzard is coming, and a man claiming to be a guide knows a shortcut down the mountain... \n<Assistant_Title2>How to Accept: </>After reaching <Assistant_Red>Acting Level 64</>, go to {Location:[Hornacis Mountains(294,449)]|19910;34435;652;2;5200086;0}the location and talk to the <Assistant_Red>man</> to accept the quest. \n<Assistant_Title2>Quest Rewards</>: Cognition EXP, Invoice Receipt, Adventure Medal, World Adventure Treasure Progress	
405	<Assistant_Title1>【Voice Room - Host Permissions】</>\n<Assistant_Title2>System Access: </><Assistant_System>Voice Room - Permission Settings (Bottom Left)</>{JumpToUI:[【前往查看】]|1250316}\n<Assistant_Title2>Free Speech Mode: </>All players can unmute and speak.\n<Assistant_Title2>Host-Set Speech Permissions: </>In this mode, players can click the unmute button to request to speak; once the host approves, they gain speaking rights. The host can also manually adjust speaking permissions in the player list.\n<Assistant_Title2>Host-Set Speech Order: </>In this mode, up to 8 microphone slots can be set. It defaults to sequential speaking; only the host and the player on Mic 1 can unmute. Once the player on Mic 1 finishes, they must manually click to step down from the mic to pass the turn to the player on Mic 2.\n<Assistant_Title2>Mute: </>Muted players cannot use real-time voice, send voice messages, or send text messages in this voice room. The host can manage this in the Mute Management tab.\n<Assistant_Title2>Blacklist: </>Blacklisted players will be kicked from the voice room and cannot re-enter. The host can manage this in the Blacklist tab.\n<Assistant_Title3>Recommended Searches: </>{SendAnswer:[语音房-普通语音房]|1396}, {SendAnswer:[语音房-玩法语音房]|1397}, {SendAnswer:[语音房-常驻房间]|1398}	<Assistant_Title1>【Voice Room - Host Permissions】</>\n<Assistant_Title2>System Access: </><Assistant_System>Voice Room - Permission Settings (Bottom Left)</>{JumpToUI:[【Go to View】]|1250316}\n<Assistant_Title2>Free Speech Mode: </>All players can unmute and speak.\n<Assistant_Title2>Host-Set Speech Permissions: </>In this mode, players can click the unmute button to request to speak; once the host approves, they gain speaking rights. The host can also manually adjust speaking permissions in the player list.\n<Assistant_Title2>Host-Set Speech Order: </>In this mode, up to 8 microphone slots can be set. It defaults to sequential speaking; only the host and the player on Mic 1 can unmute. Once the player on Mic 1 finishes, they must manually click to step down from the mic to pass the turn to the player on Mic 2.\n<Assistant_Title2>Mute: </>Muted players cannot use real-time voice, send voice messages, or send text messages in this voice room. The host can manage this in the Mute Management tab.\n<Assistant_Title2>Blacklist: </>Blacklisted players will be kicked from the voice room and cannot re-enter. The host can manage this in the Blacklist tab.\n<Assistant_Title3>Recommended Searches: </>{SendAnswer:[Voice Room-Standard Voice Room]|1396}, {SendAnswer:[Voice Room-Play Voice Room]|1397}, {SendAnswer:[Voice Room-Permanent Room]|1398}	
406	<Assistant_Title1>【Voice Room - Permanent Room】</>\n<Assistant_Title2>System Access: </><Assistant_System>Play Voice Room - Settings (Bottom Right) - Permanent Button (Top Right)</>{JumpToUI:[【前往查看】]|1250316}\n<Assistant_Title2>Permanent Item: </>You can purchase a Permanent Contract in the <Assistant_System>Mall - Secret Collection</>. Using it converts a Play Voice Room into a permanent room and adds 30 days of permanent duration. A single item can extend the duration by 30 days, with a maximum cumulative extension of 90 days.\n<Assistant_Title2>Function Introduction: </>After converting to a permanent room, the voice room will be retained even after you <Assistant_Red>exit the permanent voice room or go offline</>, and the host will retain their host status.<Assistant_Red>Permanent voice rooms cannot have their host status transferred.</>\n<Assistant_Title2>Quantity Limit: </>Each character can own a maximum of <Assistant_Red>1 permanent voice room</>.\n<Assistant_Title2>Disbanding the Room: </>A permanent voice room can be disbanded by the host; once disbanded, it <Assistant_Red>cannot be recovered</>;\n<Assistant_Title3>Recommended Searches: </>{SendAnswer:[语音房-房主权限]|1395}, {SendAnswer:[语音房-普通语音房]|1396}, {SendAnswer:[语音房-玩法语音房]|1397}	<Assistant_Title1>【Voice Room - Permanent Room】</>\n<Assistant_Title2>System Access: </><Assistant_System>Play Voice Room - Settings (Bottom Right) - Permanent Button (Top Right)</>{JumpToUI:[【Go to View】]|1250316}\n<Assistant_Title2>Permanent Item: </>You can purchase a Permanent Contract in the <Assistant_System>Mall - Secret Collection</>. Using it converts a Play Voice Room into a permanent room and adds 30 days of permanent duration. A single item can extend the duration by 30 days, with a maximum cumulative extension of 90 days.\n<Assistant_Title2>Function Introduction: </>After converting to a permanent room, the voice room will be retained even after you <Assistant_Red>exit the permanent voice room or go offline</>, and the host will retain their host status.<Assistant_Red>Permanent voice rooms cannot have their host status transferred.</>\n<Assistant_Title2>Quantity Limit: </>Each character can own a maximum of <Assistant_Red>1 permanent voice room</>.\n<Assistant_Title2>Disbanding the Room: </>A permanent voice room can be disbanded by the host; once disbanded, it <Assistant_Red>cannot be recovered</>;\n<Assistant_Title3>Recommended Searches: </>{SendAnswer:[Voice Room-Host Permissions]|1395}, {SendAnswer:[Voice Room-Standard Voice Room]|1396}, {SendAnswer:[Voice Room-Play Voice Room]|1397}	
407	<Assistant_Title1>【Voice Room - Standard Voice Room】</>\n<Assistant_Title2>Required Level: </>Cognition Level <Assistant_Red>Level 10</>\n<Assistant_Title2>System Access: </><Assistant_System>Chat Panel - Voice Room</>{JumpToUI:[【前往查看】]|1250316}\n<Assistant_Title2>Capacity Limit: </>Voice rooms can hold up to 1000 people.\n<Assistant_Title2>Default Speech Mode: </>Standard voice rooms default to Free Speech Mode; click the unmute button next to the input box to unmute automatically. If the current room is set to Host-Set Speech Permissions or Host-Set Speech Order, you must click the unmute button to request to speak, and the host must approve it.\n<Assistant_Title2>Host Operations: </>The host can adjust the speech mode in member permission settings, set mutes and room blacklists, and adjust room information and type or transfer host status in the right sidebar settings.\n<Assistant_Title2>Other Operations: </>You can share the voice room link or distribute voice room gifts via the right sidebar.\n<Assistant_Title3>Recommended Searches: </>{SendAnswer:[语音房-房主权限]|1395}, {SendAnswer:[语音房-玩法语音房]|1397}, {SendAnswer:[语音房-常驻房间]|1398}	<Assistant_Title1>【Voice Room - Standard Voice Room】</>\n<Assistant_Title2>Required Level: </>Cognition Level <Assistant_Red>Level 10</>\n<Assistant_Title2>System Access: </><Assistant_System>Chat Panel - Voice Room</>{JumpToUI:[【Go to View】]|1250316}\n<Assistant_Title2>Capacity Limit: </>Voice rooms can hold up to 1000 people.\n<Assistant_Title2>Default Speech Mode: </>Standard voice rooms default to Free Speech Mode; click the unmute button next to the input box to unmute automatically. If the current room is set to Host-Set Speech Permissions or Host-Set Speech Order, you must click the unmute button to request to speak, and the host must approve it.\n<Assistant_Title2>Host Operations: </>The host can adjust the speech mode in member permission settings, set mutes and room blacklists, and adjust room information and type or transfer host status in the right sidebar settings.\n<Assistant_Title2>Other Operations: </>You can share the voice room link or distribute voice room gifts via the right sidebar.\n<Assistant_Title3>Recommended Searches: </>{SendAnswer:[Voice Room-Host Permissions]|1395}, {SendAnswer:[Voice Room-Play Voice Room]|1397}, {SendAnswer:[Voice Room-Permanent Room]|1398}	
408	<Assistant_Title1>【Waiting for Godot】</>\n<Assistant_Title2>Quest Type: </><Assistant_Property2>Era Anecdotes</>\n<Assistant_Title2>Quest Description: </>Let's go. We can't. We're waiting for Godot.\n<Assistant_Title2>How to Accept: </>After reaching <Assistant_Red>Level 65</> in Acting, go to {Location:[睡莲小镇(170,30)]|6801;-7084;-2854;2;5200052;0}talk to <Assistant_Red>Esther</> to accept the quest. \n<Assistant_Title2>Quest Rewards</>: Cognitive Experience, Invoices, Adventure Medals, World Adventure Treasure Progress	<Assistant_Title1>【Waiting for Godot】</>\n<Assistant_Title2>Quest Type: </><Assistant_Property2>Era Anecdotes</>\n<Assistant_Title2>Quest Description: </>Let's go. We can't. We're waiting for Godot.\n<Assistant_Title2>How to Accept: </>After reaching <Assistant_Red>Level 65</> in Acting, go to {Location:[Water Lily Town(170,30)]|6801;-7084;-2854;2;5200052;0}talk to <Assistant_Red>Esther</> to accept the quest. \n<Assistant_Title2>Quest Rewards</>: Cognitive Experience, Invoices, Adventure Medals, World Adventure Treasure Progress	
409	<Assistant_Title1>【Warmth Through the Wall】</>\n<Assistant_Title2>Quest Type: </><Assistant_Property2>Acting Story</>\n<Assistant_Title2>Quest Description: </>It seems like it's not very warm inside one family's house...\n<Assistant_Title2>How to Accept: </>After completing the main story Chapter 2 \"Tides of the Era\" and reaching Acting Level <Assistant_Red>19</>, go to {Location:[金秋湖(325,90)]|22557;-916;607;2;5200085;0} and interact with the <Assistant_Red>Voice Inside the House</> to accept the quest.\n<Assistant_Title2>Quest Rewards</>: Cognitive Experience, World Adventure Treasure Progress, Adventure Medal, Invoices	<Assistant_Title1>【Warmth Through the Wall】</>\n<Assistant_Title2>Quest Type: </><Assistant_Property2>Acting Story</>\n<Assistant_Title2>Quest Description: </>It seems like it's not very warm inside one family's house...\n<Assistant_Title2>How to Accept: </>After completing the main story Chapter 2 \"Tides of the Era\" and reaching Acting Level <Assistant_Red>19</>, go to {Location:[Golden Autumn Lake(325,90)]|22557;-916;607;2;5200085;0} and interact with the <Assistant_Red>Voice Inside the House</> to accept the quest.\n<Assistant_Title2>Quest Rewards</>: Cognitive Experience, World Adventure Treasure Progress, Adventure Medal, Invoices	
410	<Assistant_Title1>【Water Lily Town Roaming Guide】</>\n<Assistant_Title2>Quest Type: </><Assistant_Property2>Anecdotes of the Era</>\n<Assistant_Title2>Quest Description: </>Welcome to Water Lily Town.\n<Assistant_Title2>How to Accept: </>After your Acting level reaches <Assistant_Red>Level 64</>, head to {Location:[睡莲小镇(134,-14)]|3733;-11328;-3242;2;5200052;0} and <Assistant_Red> read the notes </> to accept the quest.\n<Assistant_Title2>Quest Rewards</>: Cognitive Experience, invoices, Adventure Medals, World Adventure Treasure progress	<Assistant_Title1>【Water Lily Town Roaming Guide】</>\n<Assistant_Title2>Quest Type: </><Assistant_Property2>Anecdotes of the Era</>\n<Assistant_Title2>Quest Description: </>Welcome to Water Lily Town.\n<Assistant_Title2>How to Accept: </>After your Acting level reaches <Assistant_Red>Level 64</>, head to {Location:[Water Lily Town(134,-14)]|3733;-11328;-3242;2;5200052;0} and <Assistant_Red> read the notes </> to accept the quest.\n<Assistant_Title2>Quest Rewards</>: Cognitive Experience, invoices, Adventure Medals, World Adventure Treasure progress	
411	<Assistant_Title1>【What the Harbinger Says】</>\n<Assistant_Title2>Quest Type: </><Assistant_Property2>Era Anecdote</>\n<Assistant_Title2>Quest Description: </>In front of an old house deep in the grape trellis, a man seems to be looking for something... \n<Assistant_Title2>How to Accept: </>After reaching <Assistant_Red>Acting Level 65</>, go to {Location:[金秋湖(373,197)]|27149;9014;1136;2;5200085;0}the location and talk to the <Assistant_Red>man</> to accept the quest. \n<Assistant_Title2>Quest Rewards</>: Cognition EXP, Invoice Receipt, Adventure Medal, World Adventure Treasure Progress	<Assistant_Title1>【What the Harbinger Says】</>\n<Assistant_Title2>Quest Type: </><Assistant_Property2>Era Anecdote</>\n<Assistant_Title2>Quest Description: </>In front of an old house deep in the grape trellis, a man seems to be looking for something... \n<Assistant_Title2>How to Accept: </>After reaching <Assistant_Red>Acting Level 65</>, go to {Location:[Golden Autumn Lake(373,197)]|27149;9014;1136;2;5200085;0}the location and talk to the <Assistant_Red>man</> to accept the quest. \n<Assistant_Title2>Quest Rewards</>: Cognition EXP, Invoice Receipt, Adventure Medal, World Adventure Treasure Progress	
412	<Assistant_Title1>【“星星”】</>\n<Assistant_Title2>描述：</>神眷池时装\n<Assistant_Title2>使用：</>使用后获得“星星”套装，可点击<Assistant_System>外观-换装</>查看并使用。\n<Assistant_Title2>获取：</>通过<Assistant_System>召唤-灵界焕容</>获得	<Assistant_Title1> [\"Star\"] </>\n<Assistant_Title2> Description: </> God's Favor Pool Outfit \n<Assistant_Title2> Use: </> After use, obtain the \"Star\" set; click <Assistant_System> Appearance - Change Outfit </> to view and use. \n<Assistant_Title2> Acquisition: </> Obtained via <Assistant_System> Summon - Spirit World Renewal </>	
413	<Assistant_Title1>【不灭之握】</>\n<Assistant_Title2>描述：</>神眷池饰品\n<Assistant_Title2>使用：</>使用后获得不灭之握，可点击<Assistant_System>外观-换装</>查看并使用。\n<Assistant_Title2>获取：在<Assistant_System>美神馈赠商店</>中使用<Assistant_Red>1</>张神眷牌兑换	<Assistant_Title1>【Undying Grasp】</>\n<Assistant_Title2>Description: </>God-favored Pool Accessory\n<Assistant_Title2>Usage: </>After use, you will obtain the Undying Grasp. You can click <Assistant_System>Appearance - Change Outfit</> to view and use it. \n<Assistant_Title2>Acquisition: Exchange using <Assistant_Red>1</> God-favored Card in the <Assistant_System>Goddess's Gift Shop</>	
414	<Assistant_Title1>【不灭华焰】</>\n<Assistant_Title2>描述：</>神眷发型\n<Assistant_Title2>使用：</>使用后获得不灭华焰，可点击<Assistant_System>外观-换装</>查看并使用，也可兑换为<Assistant_Red>2</>张神眷牌。\n<Assistant_Title2>获取：</>通过<Assistant_System>召唤-灵界焕容</>获得，或在<Assistant_System>美神馈赠商店</>中使用<Assistant_Red>2</>张神眷牌兑换	<Assistant_Title1>【Undying Flame】</>\n<Assistant_Title2>Description: </>God-favored Hairstyle\n<Assistant_Title2>Usage: </>After use, you will obtain the Undying Flame. You can click <Assistant_System>Appearance - Change Outfit</> to view and use it, or exchange it for <Assistant_Red>2</> God-favored Cards. \n<Assistant_Title2>Acquisition: </>Obtained via <Assistant_System>Summon - Spirit World Transformation</>, or exchange using <Assistant_Red>2</> God-favored Cards in the <Assistant_System>Goddess's Gift Shop</>	
415	<Assistant_Title1>【今夜琴声温柔】</>\n<Assistant_Title2>任务类型：</><Assistant_Property2>支线</>\n<Assistant_Title2>任务描述：</>受邀回到黑荆棘喝咖啡，却听说老尼尔的人生中，曾有一个淡绿色的春天。\n<Assistant_Title2>领取方式：</>扮演等级达到<Assistant_Red>53级</>后，在任务栏可接取支线任务。\n<Assistant_Title2>任务奖励</>：金纺线、绑定金镑、展台摆件、称号	<Assistant_Title1>【Gentle Piano Music Tonight】</>\n<Assistant_Title2>Quest Type: </><Assistant_Property2>Side Quest</>\n<Assistant_Title2>Quest Description: </>Invited back to Blackthorn to have coffee, only to hear that there was once a pale green spring in Old Neil's life.\n<Assistant_Title2>How to Accept: </>After your Acting level reaches <Assistant_Red>Level 53</>, you can accept this side quest in the quest log.\n<Assistant_Title2>Quest Rewards</>: Gold Thread, Bound Gold Pound, Display Ornament, Title	
416	<Assistant_Title1>【今夜琴声温柔】</>\n<Assistant_Title2>任务类型：</><Assistant_Property2>支线</>\n<Assistant_Title2>任务描述：</>受邀回到黑荆棘喝咖啡，却听说老尼尔的人生中，曾有一个淡绿色的春天。\n<Assistant_Title2>领取方式：</>扮演等级达到<Assistant_Red>53级</>后，在任务栏可接取支线任务。\n<Assistant_Title2>任务奖励</>：金纺线、绑定金镑、展台摆件等	<Assistant_Title1>【Gentle Piano Music Tonight】</>\n<Assistant_Title2>Quest Type: </><Assistant_Property2>Side Quest</>\n<Assistant_Title2>Quest Description: </>Invited back to Blackthorn to have coffee, only to hear that there was once a pale green spring in Old Neil's life.\n<Assistant_Title2>How to Accept: </>After your Acting level reaches <Assistant_Red>Level 53</>, you can accept this side quest in the quest log.\n<Assistant_Title2>Quest Rewards</>: Gold Threads, Bound Gold Pounds, display ornaments, etc.	
417	<Assistant_Title1>【仲夏夜】</>\n<Assistant_Title2>描述：</>商城直售时装\n<Assistant_Title2>使用：</>商城购买后获得仲夏夜套装，可点击<Assistant_System>外观-换装</>查看并使用。\n<Assistant_Title2>获取：</>通过<Assistant_System>商城</>获取	<Assistant_Title1>【Midsummer Night】</>\n<Assistant_Title2>Description: </>Shop Direct-Purchase Outfit\n<Assistant_Title2>Usage: </>Purchase in the shop to obtain the Midsummer Night outfit. You can click <Assistant_System>Appearance - Change Outfit</> to view and use it.\n<Assistant_Title2>Acquisition: </>Obtained via <Assistant_System>Shop</>	
418	<Assistant_Title1>【伤心】</>\n<Assistant_Title2>描述：</>默认展台表情\n<Assistant_Title2>使用：</>可点击<Assistant_System>外观-展台</>查看并使用。\n<Assistant_Title2>获取：</>默认解锁	<Assistant_Title1>【Sad】</>\n<Assistant_Title2>Description: </>Default display stand expression.\n<Assistant_Title2>Usage: </>You can view and use it by clicking <Assistant_System>Appearance - Display Stand</>.\n<Assistant_Title2>Acquisition: </>Unlocked by default.	
419	<Assistant_Title1>【俱乐部-俱乐部分红】</>\n<Assistant_Title2>系统入口：</><Assistant_System>菜单-俱乐部-福利-分红</>{JumpToUI:[【前往查看】]|1250319}\n<Assistant_Title2>玩法说明：</>每周可领取一次俱乐部分红奖励。\n俱乐部分红奖励受到俱乐部活跃度等级和个人上周在当前俱乐部的活跃影响。\n俱乐部分红奖励将会在每周一8:00刷新，请及时领取奖励。\n<Assistant_Title3>推荐搜索：</>{SendAnswer:[俱乐部]|1400}，{SendAnswer:[俱乐部-俱乐部活跃津贴]|1404}，{SendAnswer:[俱乐部-俱乐部活跃]|1403}	<Assistant_Title1>【Club - Club Dividends】</>\n<Assistant_Title2>System Entry: </><Assistant_System>Menu - Club - Benefits - Dividends</>{JumpToUI:[【View】]|1250319}\n<Assistant_Title2>Gameplay Description: </>You can claim club dividend rewards once a week.\nClub dividend rewards are affected by the club's activity level and your personal activity in the current club last week.\nClub dividend rewards will refresh every Monday at 8:00 AM; please claim your rewards in time.\n<Assistant_Title3>Recommended Searches: </>{SendAnswer:[Club]|1400}, {SendAnswer:[Club - Club Activity Allowance]|1404}, {SendAnswer:[Club - Club Activity]|1403}	
420	<Assistant_Title1>【俱乐部-俱乐部活跃】</>\n<Assistant_Title2>活跃度等级：</>俱乐部活跃度等级由高到低分为\n会务冷清(＜720)\n常规运营（720~2400）\n事务繁荣（＞2400）\n<Assistant_Title2>活跃度来源：</>活跃津贴\n<Assistant_Title2>活跃度说明：</>俱乐部活跃度越高，每周俱乐部分红奖励越高。\n<Assistant_Title2>活跃度消耗：</>俱乐部每日维护将扣除5%的当前活跃度，活跃度连续7日处于会务冷清时，则降低1级议事厅等级。<Assistant_Red>议事厅等级低于1级，俱乐部将自动解散。</>\n<Assistant_Title3>推荐搜索：</>{SendAnswer:[俱乐部]|1400}，{SendAnswer:[俱乐部-俱乐部活跃津贴]|1404}，{SendAnswer:[俱乐部-俱乐部分红]|1405}	<Assistant_Title1>【Club - Club Activity】</>\n<Assistant_Title2>Activity Level:</>Club activity levels are categorized from high to low as:\nQuiet Affairs (<720)\nRoutine Operations (720~2400)\nProsperous Affairs (>2400)\n<Assistant_Title2>Activity Sources:</>Activity Allowance\n<Assistant_Title2>Activity Description:</>The higher the club activity, the higher the weekly club dividend rewards.\n<Assistant_Title2>Activity Consumption:</>Daily club maintenance will deduct 5% of current activity. If activity remains at Quiet Affairs for 7 consecutive days, the Council Hall level will decrease by 1.<Assistant_Red>If the Council Hall level falls below level 1, the club will be automatically disbanded.</>\n<Assistant_Title3>Recommended Searches:</>{SendAnswer:[Club]|1400}, {SendAnswer:[Club - Club Activity Allowance]|1404}, {SendAnswer:[Club - Club Dividends]|1405}	
421	<Assistant_Title1>【俱乐部-俱乐部活跃津贴】</>\n<Assistant_Title2>系统入口：</><Assistant_System>菜单-俱乐部-福利-活跃津贴</>{JumpToUI:[【前往查看】]|1250320}\n<Assistant_Title2>玩法说明：</>完成活跃津贴任务可获得同行纹章、俱乐部活跃和俱乐部资金奖励。\n俱乐部活跃是当前俱乐部成员个人活跃值累加之和，达到对应值可领取额外奖励。\n活跃津贴的奖励将会在每周一8:00刷新，请及时领取奖励。\n<Assistant_Title3>推荐搜索：</>{SendAnswer:[俱乐部]|1400}，{SendAnswer:[俱乐部-俱乐部分红]|1405}，{SendAnswer:[俱乐部-俱乐部活跃]|1403}	<Assistant_Title1>【Club - Club Activity Allowance】</>\n<Assistant_Title2>System Access: </><Assistant_System>Menu - Club - Welfare - Activity Allowance</>{JumpToUI:[【View】]|1250320}\n<Assistant_Title2>Activity Description: </>Complete Activity Allowance quests to earn Companion Emblems, Club Activity, and Club Fund rewards. \nClub Activity is the sum of individual activity points of current club members; reaching corresponding values allows you to claim extra rewards. \nActivity Allowance rewards refresh every Monday at 8:00 AM. Please claim your rewards in time.\n<Assistant_Title3>Recommended Search: </>{SendAnswer:[Club]|1400}, {SendAnswer:[Club - Club Dividends]|1405}, {SendAnswer:[Club - Club Activity]|1403}	
422	<Assistant_Title1>【俱乐部-俱乐部职位】</>\n<Assistant_Title2>会长：</>会长是俱乐部的领袖，拥有最高权限，可代表俱乐部行使各项内部管理和外交权利的处理。\n<Assistant_Title2>副会长：</>副会长是辅助会长的重要职位，拥有仅次于会长的高等权限，可代替会长行使部分内部管理权限和外交权利，由会长任命。\n<Assistant_Title2>理事：</>理事是俱乐部中的管理职位，拥有一定程度的管理权限，由会长任命，最多3位。\n<Assistant_Title2>组长：</>组长是俱乐部活动的核心管理，负责组内会员的任免、联赛组团等玩法活动组织。每个俱乐部下有4个分组，每个分组最多30人，分组内的成员自动获得联赛的参赛资格。\n<Assistant_Title2>俱乐部之星：</>俱乐部之星是俱乐部的门面，负责招募和招待新入会员，由会长任命，最多2位。\n<Assistant_Title2>正式会员：</>正式会员是俱乐部的中坚力量，可以参与公会内的玩法活动。<Assistant_Red>部分活动仅支持正式会员参赛</>。\n<Assistant_Title2>候补会员：</>候补是俱乐部的储备力量，有部分公会玩法无法参与，可继续努力，保持活跃联系管理加入会员。\n<Assistant_Title2>职位调整：</>俱乐部会员可以兼任管理职位、分组职位、俱乐部之星；管理职位包括会长、副会长、理事。\n<Assistant_Title2>权限调整：</>俱乐部会长可以在权限调整界面，调整不同职位的权限分配。\n<Assistant_Title3>推荐搜索：</>{SendAnswer:[俱乐部]|1400}，{SendAnswer:[俱乐部-俱乐部建筑和资金]|1401}，{SendAnswer:[俱乐部-俱乐部活跃]|1403}	<Assistant_Title1>【Club - Club Positions】</>\n<Assistant_Title2>President: </>The President is the leader of the club, holding the highest authority and capable of representing the club in handling all internal management and diplomatic rights. \n<Assistant_Title2>Vice President: </>The Vice President is an important position that supports the President, holding high-level authority second only to the President. They can act on behalf of the President to exercise certain internal management and diplomatic rights, and are appointed by the President. \n<Assistant_Title2>Director: </>A Director is a management position within the club, possessing a certain degree of management authority. They are appointed by the President, with a maximum of 3. \n<Assistant_Title2>Group Leader: </>A Group Leader is the core management for club activities, responsible for the appointment and dismissal of members within the group, organizing league teams, and other gameplay activities. Each club has 4 groups, each with a maximum of 30 members. Members within a group automatically gain eligibility to participate in the league. \n<Assistant_Title2>Club Star: </>The Club Star is the face of the club, responsible for recruiting and welcoming new members. They are appointed by the President, with a maximum of 2. \n<Assistant_Title2>Full Member: </>Full Members are the backbone of the club and can participate in guild gameplay activities. <Assistant_Red>Some activities only support participation by Full Members</>. \n<Assistant_Title2>Probationary Member: </>Probationary members are the reserve force of the club. They cannot participate in some guild gameplay. They can continue to work hard, stay active, and contact management to join as a member. \n<Assistant_Title2>Position Adjustment: </>Club members can concurrently hold management positions, group positions, and the Club Star position; management positions include President, Vice President, and Director. \n<Assistant_Title2>Permission Adjustment: </>The Club President can adjust the permission distribution for different positions in the permission adjustment interface. \n<Assistant_Title3>Recommended Searches: </>{SendAnswer:[Club]|1400}, {SendAnswer:[Club - Club Buildings and Funds]|1401}, {SendAnswer:[Club - Club Activity]|1403}	
423	<Assistant_Title1>【俱乐部-建筑和资金】</>\n<Assistant_Title2>系统入口：</><Assistant_System>菜单-俱乐部-建筑升级</>{JumpToUI:[【前往查看】]|1250318}\n<Assistant_Title2>资金来源：</>俱乐部活跃津贴和俱乐部活动。\n<Assistant_Title2>资金说明：</>可用于俱乐部建筑升级，提升俱乐部实力、福利和规模。\n<Assistant_Title2>俱乐部资金消耗：</>建筑升级需要消耗俱乐部资金，并且需要等待一定时间。每个建筑都有对应的等级提升效果，其他建筑等级不能超过议事厅的等级。\n<Assistant_Title2>建筑升级上限随服务器时间逐步开放</>3级：开服第7天早晨8点后\n4级：开服第14天早晨8点后\n5级：开服第21天早晨8点后\n6级：开服第30天早晨8点后\n7级：开服第45天早晨8点后\n8级：开服第60天早晨8点后 \n<Assistant_Title3>推荐搜索：</>{SendAnswer:[俱乐部]|1400}，{SendAnswer:[俱乐部-俱乐部职位]|1402}，{SendAnswer:[俱乐部-俱乐部活跃]|1403}，{SendAnswer:[俱乐部-俱乐部活跃津贴]|1404}，	<Assistant_Title1>【Club-Buildings and Funds】</>\n<Assistant_Title2>System Entry: </><Assistant_System>Menu-Club-Building Upgrade</>{JumpToUI:[【Go to View】]|1250318}\n<Assistant_Title2>Source of Funds: </>Club Activity Allowance and Club Activities.\n<Assistant_Title2>Fund Description: </>Can be used for Club building upgrades to increase Club strength, benefits, and scale.\n<Assistant_Title2>Club Fund Consumption: </>Building upgrades consume Club funds and require a certain amount of time to complete. Each building has corresponding level-up effects, and other building levels cannot exceed the level of the Council Hall.\n<Assistant_Title2>Building upgrade caps are gradually unlocked based on server time:</>Level 3: After 8 AM on the 7th day of the server launch\nLevel 4: After 8 AM on the 14th day of the server launch\nLevel 5: After 8 AM on the 21st day of the server launch\nLevel 6: After 8 AM on the 30th day of the server launch\nLevel 7: After 8 AM on the 45th day of the server launch\nLevel 8: After 8 AM on the 60th day of the server launch \n<Assistant_Title3>Recommended Searches: </>{SendAnswer:[Club]|1400}, {SendAnswer:[Club-Club Positions]|1402}, {SendAnswer:[Club-Club Activity]|1403}, {SendAnswer:[Club-Club Activity Allowance]|1404},	
424	<Assistant_Title1>【俱乐部乱斗-得分规则】</>\n玩家将根据投影在战场上的表现而累计得分：\n按照存活的排名，前三名投影依次获得<Assistant_Red>60,40,30</>分，\n每有其他投影阵亡，自身投影获得<Assistant_Red>3</>分，\n击杀其他投影获得<Assistant_Red>5</>分。\n玩家需投入<Assistant_Red>8</>名以上的投影以获得奖励。比赛结束后，总分优秀者与对应投影数据突出者将额外获得<Assistant_Property1>称号</>奖励。\n<Assistant_Title3>推荐搜索：</>{SendAnswer:[俱乐部乱斗]|8}，{SendAnswer:[俱乐部乱斗-玩法规则]|9}	<Assistant_Title1>【Club Brawl - Scoring Rules】</>\nPlayers will accumulate scores based on the performance of their projections on the battlefield:\nAccording to the survival ranking, the top three projections receive <Assistant_Red>60, 40, 30</> points respectively. \nFor every other projection that falls, your own projection gains <Assistant_Red>3</> points, \nand killing other projections grants <Assistant_Red>5</> points.\nPlayers must deploy at least <Assistant_Red>8</> projections to be eligible for rewards. After the match, those with excellent total scores and outstanding projection data will receive additional <Assistant_Property1>Title</> rewards.\n<Assistant_Title3>Recommended Search: </>{SendAnswer:[Club Brawl]|8}, {SendAnswer:[Club Brawl-Gameplay Rules]|9}	
425	<Assistant_Title1>【俱乐部乱斗-玩法规则】</>\n开放报名时，玩法将从帮会成员中随机挑选<Assistant_Red>16</>名玩家作为<Assistant_Property1>幻象投影</>供参与者使用。所有的参与者使用的投影种类相同。\n比赛分为多轮，玩家可以挑选投影投入<Assistant_Property1>任意轮次</>参与比赛，已经投入的投影不可<Assistant_Property1>重复使用</>。\n当指定的轮次开战时，该轮次的投影将被召唤并<Assistant_Property1>自动战斗</>，参与者可以前往俱乐部驻地进行<Assistant_Property1>观战</>。\n<Assistant_Title3>推荐搜索：</>{SendAnswer:[俱乐部乱斗]|8}，{SendAnswer:[俱乐部乱斗-得分规则]|10}	<Assistant_Title1>【Club Brawl-Gameplay Rules】</>\nWhen registration is open, the gameplay will randomly select <Assistant_Red>16</> players from the guild members as <Assistant_Property1>Phantom Projections</> for participants to use. All participants use the same type of projection.\nThe competition is divided into multiple rounds. Players can choose a projection to enter into <Assistant_Property1>any round</> to participate in the competition. Projections that have already been entered cannot be <Assistant_Property1>reused</>.\nWhen the designated round begins, the projection for that round will be summoned and <Assistant_Property1>fight automatically</>. Participants can go to the Club Base to <Assistant_Property1>watch the battle</>.\n<Assistant_Title3>Recommended Search: </>{SendAnswer:[Club Brawl]|8}, {SendAnswer:[Club Brawl-Scoring Rules]|10}	
426	<Assistant_Title1>【俱乐部群发邮件】</>\n<Assistant_Title2>说明：</>拥有<Assistant_Red>权限</>的俱乐部成员可以点击<Assistant_System>俱乐部-成员列表-群发邮件</>向所有俱乐部成员发送邮件	<Assistant_Title1>【Club Mass Mail】</>\n<Assistant_Title2>Instructions: </>Club members with <Assistant_Red>permissions</> can click <Assistant_System>Club - Member List - Mass Mail</> to send mail to all club members.	
427	<Assistant_Title1>【值夜典袍】</>\n<Assistant_Title2>描述：</>剧情奖励时装\n<Assistant_Title2>使用：</>使用后获得值夜典袍套装，可点击<Assistant_System>外观-换装</>查看并使用。\n<Assistant_Title2>获取：</>通过剧情获取	<Assistant_Title1>【Nighthawk Ceremonial Robe】</>\n<Assistant_Title2>Description: </>Story reward outfit\n<Assistant_Title2>Use: </>Use to obtain the Nighthawk Ceremonial Robe set. You can view and equip it by clicking <Assistant_System>Appearance - Dress Up</>.\n<Assistant_Title2>Acquisition: </>Obtained via story	
428	<Assistant_Title1>【先祖铠甲】</>\n<Assistant_Title2>描述：</>副本掉落时装\n<Assistant_Title2>使用：</>使用后获得先祖铠甲套装，可点击<Assistant_System>外观-换装</>查看并使用。\n<Assistant_Title2>获取：</>通过<Assistant_System>副本-五月庄园·花园</>获取	<Assistant_Title1>【Ancestor Armor】</>\n<Assistant_Title2>Description: </>Dungeon Drop Outfit\n<Assistant_Title2>Usage: </>After use, you will obtain the Ancestor Armor set. You can click <Assistant_System>Appearance - Change Outfit</> to view and use it. \n<Assistant_Title2>Acquisition: </>Obtained via <Assistant_System>Dungeon - May Manor · Garden</>	
429	<Assistant_Title1>【光暗双生】</>\n<Assistant_Title2>描述：</>商城直售时装\n<Assistant_Title2>使用：</>商城购买后获得光暗双生套装，可点击<Assistant_System>外观-换装</>查看并使用。\n<Assistant_Title2>获取：</>通过<Assistant_System>商城</>获取	<Assistant_Title1>【Light and Dark Twins】</>\n<Assistant_Title2>Description: </>Store Direct-Purchase Fashion\n<Assistant_Title2>Usage: </>After purchasing in the store, you will obtain the Light and Dark Twins set. You can click <Assistant_System>Appearance - Dress Up</> to view and use it. \n<Assistant_Title2>Obtain: </>Obtained via <Assistant_System>Store</>	
430	<Assistant_Title1>【内搭】</>\n<Assistant_Title2>描述：</>默认时装\n<Assistant_Title2>使用：</>可点击<Assistant_System>外观-换装</>查看并使用。\n<Assistant_Title2>获取：</>默认解锁	<Assistant_Title1>【Inner Wear】</>\n<Assistant_Title2>Description: </>Default outfit.\n<Assistant_Title2>Usage: </>You can view and equip it by clicking <Assistant_System>Appearance - Outfits</>.\n<Assistant_Title2>Acquisition: </>Unlocked by default.	
431	<Assistant_Title1>【初晓】</>\n<Assistant_Title2>描述：</>默认展台场景\n<Assistant_Title2>使用：</>可点击<Assistant_System>外观-展台</>查看并使用。\n<Assistant_Title2>获取：</>默认解锁	<Assistant_Title1>【First Dawn】</>\n<Assistant_Title2>Description: </>Default display stand scene\n<Assistant_Title2>Usage: </>You can click <Assistant_System>Appearance - Display Stand</> to view and use it.\n<Assistant_Title2>Acquisition: </>Unlocked by default.	
432	<Assistant_Title1>【初晴日】</>\n<Assistant_Title2>描述：</>七日任务最终奖励时装\n<Assistant_Title2>使用：</>使用后获得初晴日套装，可点击<Assistant_System>外观-换装</>查看并使用。\n<Assistant_Title2>获取：</>通过<Assistant_System>七日任务</>获取	<Assistant_Title1> [First Clear Day] </>\n<Assistant_Title2> Description: </> Final reward outfit for the seven-day quest \n<Assistant_Title2> Use: </> After use, obtain the First Clear Day set; click <Assistant_System> Appearance - Change Outfit </> to view and use. \n<Assistant_Title2> Acquisition: </> Obtained via <Assistant_System> Seven-Day Quest </>	
433	<Assistant_Title1>【初誓】</>\n<Assistant_Title2>描述：</>创角发型\n<Assistant_Title2>使用：</>创角后获得初誓，可点击<Assistant_System>外观-换装</>查看并使用。\n<Assistant_Title2>获取：</>创角时可选择获取一款发型，剩余发型后续可通过<Assistant_System>商城</>获取	<Assistant_Title1>【First Vow】</>\n<Assistant_Title2>Description: </>Character creation hairstyle.\n<Assistant_Title2>Usage: </>Obtain First Vow after character creation. You can view and equip it by clicking <Assistant_System>Appearance - Outfits</>.\n<Assistant_Title2>Acquisition: </>Choose one hairstyle during character creation; remaining hairstyles can be obtained later via <Assistant_System>Shop</>.	
434	<Assistant_Title1>【剧情模式】</>\n<Assistant_Title2>系统设置：</>菜单-设置-视角-剧情模式{JumpToUI:[【前往查看】]|1302534}\n<Assistant_Title2>系统介绍：</>剧情模式开启后，在剧情位面中，镜头会被拉近为剧情镜头视角，以提升剧情沉浸感。可在屏幕左侧下方拍照按钮下点击开关手动开启/关闭，也可在<Highlight>设置-视角-剧情模式-动态开启剧情模式</>中永久关闭，关闭后再次进入剧情位面将不再开启剧情模式（部分战斗场景除外）。\n<Assistant_Title3>推荐搜索：</>{SendAnswer:[剧情模式下外观隐藏]|1324}	<Assistant_Title1>【Story Mode】</>\n<Assistant_Title2> System Settings: </>Menu-Settings-Camera-Story Mode{JumpToUI:[【Go to View】]|1302534}\n<Assistant_Title2> System Introduction: </>After Story Mode is enabled, the camera will zoom in to a cinematic perspective within story instances to enhance immersion. You can manually toggle it on/off by clicking the switch under the camera button on the bottom left of the screen, or permanently disable it in <Highlight>Settings-Camera-Story Mode-Enable Story Mode Dynamically</>. Once disabled, Story Mode will not activate when entering story instances again (except for some combat scenes).\n<Assistant_Title3> Recommended Searches: </>{SendAnswer:[Hiding Appearance in Story Mode]|1324}	
435	<Assistant_Title1>【剧情模式下外观隐藏】</>\n<Assistant_Title2>系统设置：</>菜单-设置-视角-剧情模式{JumpToUI:[【前往查看】]|1302534}\n<Assistant_Title2>系统介绍：</>剧情模式下可以隐藏部分大型外观：翅膀、环身、肩饰。可在<Highlight>设置-视角-剧情模式-剧情模式下大型外观显示</>中设置开启和关闭\n<Assistant_Title3>推荐搜索：</>{SendAnswer:[剧情模式]|1323}	<Assistant_Title1>【Hide Appearance in Story Mode】</>\n<Assistant_Title2>System Settings: </>Menu - Settings - View - Story Mode{JumpToUI:[【Go to View】]|1302534}\n<Assistant_Title2>System Introduction: </>In Story Mode, you can hide certain large-scale appearances: wings, body rings, and shoulder ornaments. You can set this to enable or disable in <Highlight>Settings - View - Story Mode - Display Large Appearances in Story Mode</>.\n<Assistant_Title3>Recommended Searches: </>{SendAnswer:[Story Mode]|1323}	
436	<Assistant_Title1>【午后咖啡】</>\n<Assistant_Title2>描述：</>玩法奖励时装\n<Assistant_Title2>使用：</>使用后获得午后咖啡套装，可点击<Assistant_System>外观-换装</>查看并使用。\n<Assistant_Title2>获取：</>通过<Assistant_System>玩法-誓约</>获取	<Assistant_Title1>【Afternoon Coffee】</>\n<Assistant_Title2>Description:</>Gameplay Reward Outfit\n<Assistant_Title2>Use:</>After use, obtain the Afternoon Coffee set; you can click <Assistant_System>Appearance-Change Outfit</> to view and use it.\n<Assistant_Title2>Acquisition:</>Obtained via <Assistant_System>Gameplay-Covenant</>	
437	<Assistant_Title1>【午夜焦点】</>\n<Assistant_Title2>描述：</>神眷池饰品\n<Assistant_Title2>使用：</>使用后获得午夜焦点，可点击<Assistant_System>外观-换装</>查看并使用。\n<Assistant_Title2>获取：在<Assistant_System>美神馈赠商店</>中使用<Assistant_Red>1</>张神眷牌兑换	<Assistant_Title1> [Midnight Focus] </>\n<Assistant_Title2> Description: </> God's Favor Pool accessory \n<Assistant_Title2> Use: </> After use, obtain Midnight Focus; click <Assistant_System> Appearance - Change Outfit </> to view and use. \n<Assistant_Title2> Acquisition: Exchange using <Assistant_Red> 1 </> God's Favor Card in the <Assistant_System> Goddess's Gift Shop </>	
438	<Assistant_Title1>【单色邮票】</>\n<Assistant_Title2>描述：</>世界冒险玩法奖励展台贴纸\n<Assistant_Title2>使用：</>使用后获得单色邮票，可点击<Assistant_System>外观-展台</>查看并使用。\n<Assistant_Title2>获取：</>通过<Assistant_System>商城-百货-冒险商店</>使用冒险勋章兑换	<Assistant_Title1>【Monochrome Stamp】</>\n<Assistant_Title2>Description: </>World Adventure gameplay reward display sticker.\n<Assistant_Title2>Usage: </>Use to obtain the Monochrome Stamp. You can view and use it by clicking <Assistant_System>Appearance - Display Stand</>.\n<Assistant_Title2>Acquisition: </>Exchange using Adventure Medals in <Assistant_System>Shop - General Goods - Adventure Shop</>.	
439	<Assistant_Title1>【博物浪漫】</>\n<Assistant_Title2>描述：</>商城直售时装\n<Assistant_Title2>使用：</>商城购买后获得博物浪漫套装，可点击<Assistant_System>外观-换装</>查看并使用。\n<Assistant_Title2>获取：</>通过<Assistant_System>商城</>获取	<Assistant_Title1>【Museum Romance】</>\n<Assistant_Title2>Description: </>Store Direct-Purchase Fashion\n<Assistant_Title2>Usage: </>After purchasing in the store, you will obtain the Museum Romance set. You can click <Assistant_System>Appearance - Dress Up</> to view and use it. \n<Assistant_Title2>Obtain: </>Obtained via <Assistant_System>Store</>	
440	<Assistant_Title1>【印象湖畔】</>\n<Assistant_Title2>描述：</>神眷展台\n<Assistant_Title2>使用：</>使用后获得印象湖畔，可点击<Assistant_System>外观-展台</>查看并使用。\n<Assistant_Title2>获取：</><Assistant_System>召唤-灵界焕容-灵幻祭坛商店</>中使用灵幻牌兑换	<Assistant_Title1>【Impression Lakeside】</>\n<Assistant_Title2>Description: </>God-favored Showcase\n<Assistant_Title2>Usage: </>After use, you will obtain the Impression Lakeside. You can click <Assistant_System>Appearance - Showcase</> to view and use it. \n<Assistant_Title2>Acquisition: </>Exchange using Spirit Illusion Cards in the <Assistant_System>Summon - Spirit World Transformation - Spirit Illusion Altar Shop</>	
441	<Assistant_Title1>【历战之荣】</>\n<Assistant_Title2>描述：</>竞技玩法饰品\n<Assistant_Title2>使用：</>使用后获得历战之荣，可点击<Assistant_System>外观-换装</>查看并使用。\n<Assistant_Title2>获取：</>通过终末猎杀拍卖获取	<Assistant_Title1> [Glory of Battle-Hardened] </>\n<Assistant_Title2> Description: </> Competition gameplay accessory \n<Assistant_Title2> Use: </> After use, obtain Glory of Battle-Hardened; click <Assistant_System> Appearance - Change Outfit </> to view and use. \n<Assistant_Title2> Acquisition: </> Obtained via Final Hunt auction	
442	<Assistant_Title1>【原著瞬间】</>\n<Assistant_Title2>介绍</>\n伟大的”愚者“先生也曾在这里生活，往日记忆和足迹凝结成值得铭记的瞬间。欢迎来到老地方，见见老朋友，探寻原著中的那场旧梦。\n<Assistant_Title2>玩法指引</>\n<Assistant_Title3>1.进入玩法</>\n可通过以下方式前往【原著旧梦】：\n<Assistant_Property2>跑团入口：</>打开菜单进入【跑团】，加入任一教团后，在【秩序世界】中选择玩法【原著瞬间】，选中点击【前往】即可自动寻路。\n<Assistant_Property1>地图入口：打开地图，切换至【探秘】页签，在【世界详情】中查看【原著瞬间】玩法图标，并根据图标指引，在地图中找到对应标识，点击【前往】即可自动寻路。\n<Assistant_Title3>2.完成交互</>\n到达目标地点后，交互点击【触摸】，重温过往的记忆。\n<Assistant_Title3>3.获得奖励</>\n【触摸】后即可获得奖励，并增加对应地图秩序世界完成度。	<Assistant_Title1>【Moments from the Original Work】</>\n<Assistant_Title2>Introduction</>\nThe great Mr. Fool also lived here once; past memories and footprints have condensed into moments worth remembering. Welcome back to the old place, meet old friends, and explore that old dream from the original work. \n<Assistant_Title2>Gameplay Guide</>\n<Assistant_Title3>1. Enter Gameplay</>\nYou can head to 【Original Work's Old Dream】 via the following methods:\n<Assistant_Property2>TRPG Entry:</>Open the menu to enter 【TRPG】, join any organization, select the 【Moments from the Original Work】 gameplay in the 【Order World】, and click 【Go】 to automatically pathfind.\n<Assistant_Property1>Map Entry: Open the map, switch to the 【Exploration】 tab, view the 【Moments from the Original Work】 gameplay icon in 【World Details】, follow the icon's guidance to find the corresponding marker on the map, and click 【Go】 to automatically pathfind.\n<Assistant_Title3>2. Complete Interaction</>\nAfter reaching the target location, interact by clicking 【Touch】 to relive past memories.\n<Assistant_Title3>3. Obtain Rewards</>\nAfter 【Touching】, you will receive rewards and increase the completion progress of the corresponding Order World map.	
443	<Assistant_Title1>【古典竖琴】</>\n<Assistant_Title2>描述：</>七日任务奖励展台组件\n<Assistant_Title2>使用：</>使用后获得古典竖琴，可点击<Assistant_System>外观-展台</>查看并使用。\n<Assistant_Title2>获取：</>七日任务解锁	<Assistant_Title1>【Classical Harp】</>\n<Assistant_Title2>Description: </>Display stand component rewarded for 7-Day Quest\n<Assistant_Title2>Usage: </>After use, you will obtain the Classical Harp. You can click <Assistant_System>Appearance - Display Stand</> to view and use it.\n<Assistant_Title2>Acquisition: </>Unlock via 7-Day Quest.	
444	<Assistant_Title1>【吟游诗人】</>\n<Assistant_Title2>介绍:</>在各处探索时，偶尔会听到带有明确方向感的低语声在耳边回荡，循着声音逐步接近其来源，便可找到吟游诗人。\n<Assistant_Title2>玩法指引：</>\n<Assistant_Title3>1.寻找吟游诗人</>\n可通过以下任一方式前往吟游诗人：\n<Assistant_Property2>跑团入口：</>打开菜单进入【跑团】，加入任意教团后，在【秩序世界】中选择【吟游诗人】，点击【前往】即可自动寻路。\n<Assistant_Property1>地图入口：</>打开地图，切换至【探秘】页签，在地图中点击吟游诗人图标，即可追踪并自动寻路。\n<Assistant_Title3>2.聆听旋律</>\n到达目标地点后，跟随脚下的音波寻找声音来源，与吟游诗人对话，并选择对应的互动方式。\n<Assistant_Title3>3.完成挑战</>\n寻找旋律：开启<Assistant_System>灵视</>，寻找附近散落的三个音符，收集完成后即可开启奖励宝箱。\n哼唱旋律或解析旋律：根据提示完成投掷检定，检定成功即可完成挑战并获得奖励。	<Assistant_Title1>【Bard】</>\n<Assistant_Title2>Introduction:</>When exploring various places, you will occasionally hear whispers with a clear sense of direction echoing in your ears. Follow the sound to gradually approach its source, and you will find the Bard.\n<Assistant_Title2>Gameplay Guide:</>\n<Assistant_Title3>1. Find the Bard</>\nYou can go to the Bard in any of the following ways:\n<Assistant_Property2>TRPG Entrance:</>Open the menu to enter 【TRPG】, join any sect, select 【Bard】 in the 【Order World】, and click 【Go】 to automatically pathfind.\n<Assistant_Property1>Map Entrance:</>Open the map, switch to the 【Exploration】 tab, click the Bard icon on the map to track and automatically pathfind.\n<Assistant_Title3>2. Listen to the Melody</>\nAfter arriving at the target location, follow the sound waves at your feet to find the source of the sound, talk to the Bard, and choose the corresponding interaction method.\n<Assistant_Title3>3. Complete the Challenge</>\nFind the melody: Turn on <Assistant_System>spirit vision</>, find the three musical notes scattered nearby, and after collecting them, you can open the reward chest.\nHum the melody or analyze the melody: Complete the throwing check according to the prompts; if the check is successful, you can complete the challenge and receive rewards.	
445	<Assistant_Title1>【命运】</>\n<Assistant_Title2>描述：</>创角发型\n<Assistant_Title2>使用：</>创角后获得命运，可点击<Assistant_System>外观-换装</>查看并使用。\n<Assistant_Title2>获取：</>创角时可选择获取一款发型，剩余发型后续可通过<Assistant_System>商城</>获取	<Assistant_Title1>【Fate】</>\n<Assistant_Title2>Description: </>Character creation hairstyle\n<Assistant_Title2>Usage: </>After character creation, you will obtain Fate. You can click <Assistant_System>Appearance - Change Outfit</> to view and use it.\n<Assistant_Title2>Acquisition: </>You can choose one hairstyle during character creation; remaining hairstyles can be obtained later via the <Assistant_System>Mall</>.	
446	<Assistant_Title1>【咏叹与宣叙】</>\n<Assistant_Title2>描述：</>神眷时装\n<Assistant_Title2>使用：</>使用后获得咏叹与宣叙套装，可点击<Assistant_System>外观-换装</>查看并使用。\n<Assistant_Title2>获取：</>通过<Assistant_System>召唤-星灵奇装</>获得	<Assistant_Title1>【Aria and Recitative】</>\n<Assistant_Title2>Description: </>God-favored Outfit\n<Assistant_Title2>Usage: </>After use, you will obtain the Aria and Recitative set. You can click <Assistant_System>Appearance - Change Outfit</> to view and use it. \n<Assistant_Title2>Acquisition: </>Obtained via <Assistant_System>Summon - Astral Wonders</>	
447	<Assistant_Title1>【咪咪喵喵】</>\n<Assistant_Title2>描述：</>段位奖励展台贴纸\n<Assistant_Title2>使用：</>使用后获得咪咪喵喵，可点击<Assistant_System>外观-展台</>查看并使用。\n<Assistant_Title2>获取：</><Assistant_System>躺赢-段位天梯</>达到一定段位获取	<Assistant_Title1>【Mimi Meow】</>\n<Assistant_Title2>Description: </>Rank Reward Display Stand Sticker\n<Assistant_Title2>Usage: </>After use, you will obtain Mimi Meow. You can click <Assistant_System>Appearance-Display Stand</> to view and use it.\n<Assistant_Title2>Acquisition: </><Assistant_System>Easy Win-Ranked Ladder</>Obtained upon reaching a certain rank	
448	<Assistant_Title1>【喵乌贼】</>\n<Assistant_Title2>描述：</>段位奖励饰品\n<Assistant_Title2>使用：</>使用后获得喵乌贼，可点击<Assistant_System>外观-换装</>查看并使用。\n<Assistant_Title2>获取：</><Assistant_System>躺赢-段位天梯</>达到一定段位获取	<Assistant_Title1>【Meow Squid】</>\n<Assistant_Title2>Description: </>Rank Reward Accessory\n<Assistant_Title2>Usage: </>After use, you will obtain Meow Squid. You can click <Assistant_System>Appearance-Outfit</> to view and use it.\n<Assistant_Title2>Acquisition: </><Assistant_System>Easy Win-Ranked Ladder</>Obtained upon reaching a certain rank	
449	<Assistant_Title1>【圣殿福音】</>\n<Assistant_Title2>描述：</>商城直售时装\n<Assistant_Title2>使用：</>商城购买后获得圣殿福音套装，可点击<Assistant_System>外观-换装</>查看并使用。\n<Assistant_Title2>获取：</>通过<Assistant_System>商城</>获取	<Assistant_Title1>【Temple Gospel】</>\n<Assistant_Title2>Description: </>Shop Direct-Purchase Outfit\n<Assistant_Title2>Usage: </>Purchase in the shop to obtain the Temple Gospel outfit. You can click <Assistant_System>Appearance - Change Outfit</> to view and use it.\n<Assistant_Title2>Acquisition: </>Obtained via <Assistant_System>Shop</>	
450	<Assistant_Title1>【堕落屠戮】</>\n<Assistant_Title2>描述：</>神眷武器外观\n<Assistant_Title2>使用：</>使用后获得堕落屠戮，可点击<Assistant_System>外观-武器</>查看并使用。\n<Assistant_Title2>获取：</><Assistant_System>召唤-灵界焕容-美神馈赠商店</>中使用<Assistant_Red>1</>张神眷牌兑换	<Assistant_Title1>【Fallen Slaughter】</>\n<Assistant_Title2>Description: </>God-favored Weapon Appearance\n<Assistant_Title2>Usage: </>After use, you will obtain the Fallen Slaughter. You can click <Assistant_System>Appearance - Weapon</> to view and use it. \n<Assistant_Title2>Acquisition: </>Exchange using <Assistant_Red>1</> God-favored Card in the <Assistant_System>Summon - Spirit World Transformation - Goddess's Gift Shop</>	
451	<Assistant_Title1>【壳中的宇宙】</>\n<Assistant_Title2>描述：</>神眷发型\n<Assistant_Title2>使用：</>使用后获得壳中的宇宙，可点击<Assistant_System>外观-换装</>查看并使用，也可兑换为<Assistant_Red>1</>张神眷牌。\n<Assistant_Title2>获取：</>通过<Assistant_System>召唤-灵界焕容</>获得，或在<Assistant_System>美神馈赠商店</>中使用<Assistant_Red>1</>张神眷牌购买	<Assistant_Title1> [Universe in a Shell] </>\n<Assistant_Title2> Description: </> God's Favor Hairstyle \n<Assistant_Title2> Use: </> After use, obtain Universe in a Shell; click <Assistant_System> Appearance - Change Outfit </> to view and use, or exchange for <Assistant_Red> 1 </> God's Favor Card. \n<Assistant_Title2> Acquisition: </> Obtained via <Assistant_System> Summon - Spirit World Renewal </>, or purchase using <Assistant_Red> 1 </> God's Favor Card in the <Assistant_System> Goddess's Gift Shop </>	
452	<Assistant_Title1>【夜帷盛宴】</>\n<Assistant_Title2>描述：</>战令奖励时装\n<Assistant_Title2>使用：</>使用后获得夜帷盛宴套装，可点击<Assistant_System>外观-换装</>查看并使用。\n<Assistant_Title2>获取：</>战令解锁	<Assistant_Title1>【Night Veil Feast】</>\n<Assistant_Title2>Description: </>Battle Pass reward outfit\n<Assistant_Title2>Use: </>Use to obtain the Night Veil Feast set. You can view and equip it by clicking <Assistant_System>Appearance - Dress Up</>.\n<Assistant_Title2>Acquisition: </>Unlocked via Battle Pass	
453	<Assistant_Title1>【夜莺银哨】</>\n<Assistant_Title2>描述：</>剧情奖励饰品\n<Assistant_Title2>使用：</>使用后获得夜莺银哨，可点击<Assistant_System>外观-换装</>查看并使用。\n<Assistant_Title2>获取：</>通过美梦成真支线获取	<Assistant_Title1>【Nightingale Silver Whistle】</>\n<Assistant_Title2>Description: </>Plot Reward Accessory\n<Assistant_Title2>Usage: </>After use, you will obtain the Nightingale Silver Whistle. You can click <Assistant_System>Appearance - Dress Up</> to view and use it. \n<Assistant_Title2>Obtain: </>Obtained via the Dreams Come True side quest	
454	<Assistant_Title1>【大圆框眼镜】</>\n<Assistant_Title2>描述：</>教团等级奖励饰品\n<Assistant_Title2>使用：</>使用后获得大圆框眼镜，可点击<Assistant_System>外观-换装</>查看并使用。\n<Assistant_Title2>获取：</>教团等级解锁	<Assistant_Title1>【Large Round-Frame Glasses】</>\n<Assistant_Title2>Description: </>Coven level reward accessory\n<Assistant_Title2>Use: </>Use to obtain Large Round-Frame Glasses. You can view and equip it by clicking <Assistant_System>Appearance - Dress Up</>.\n<Assistant_Title2>Acquisition: </>Coven level unlock	
455	<Assistant_Title1>【大阿卡那】</>\n<Assistant_Title2>描述：</>神眷发型\n<Assistant_Title2>使用：</>使用后获得大阿卡那，可点击<Assistant_System>外观-换装</>查看并使用，也可兑换为<Assistant_Red>1</>张神眷牌。\n<Assistant_Title2>获取：</>通过<Assistant_System>召唤-灵界焕容</>获得，或在<Assistant_System>美神馈赠商店</>中使用<Assistant_Red>1</>张神眷牌购买	<Assistant_Title1> [Major Arcana] </>\n<Assistant_Title2> Description: </> God's Favor Hairstyle \n<Assistant_Title2> Use: </> After use, obtain Major Arcana; click <Assistant_System> Appearance - Change Outfit </> to view and use, or exchange for <Assistant_Red> 1 </> God's Favor Card. \n<Assistant_Title2> Acquisition: </> Obtained via <Assistant_System> Summon - Spirit World Renewal </>, or purchase using <Assistant_Red> 1 </> God's Favor Card in the <Assistant_System> Goddess's Gift Shop </>	
456	<Assistant_Title1>【奴役之瓶】</>\n<Assistant_Title2>描述：</>战令奖励饰品\n<Assistant_Title2>使用：</>使用后获得奴役之瓶，可点击<Assistant_System>外观-换装</>查看并使用。\n<Assistant_Title2>获取：</>战令解锁	<Assistant_Title1>【Bottle of Enslavement】</>\n<Assistant_Title2>Description: </>Battle Pass reward accessory\n<Assistant_Title2>Use: </>Use to obtain Bottle of Enslavement. You can view and equip it by clicking <Assistant_System>Appearance - Dress Up</>.\n<Assistant_Title2>Acquisition: </>Unlocked via Battle Pass	
457	<Assistant_Title1>【好友-删除拉黑】</>\n<Assistant_Title2>系统入口：</><Assistant_System>菜单-好友-点击头像</>、\n<Assistant_Title2>好友删除：</>删除好友会双向解除好友关系，不再会在好友列表中显示。<Assistant_Red>删除好友会清空双方的好友度，无法恢复</>，请谨慎操作。\n<Assistant_Title2>好友拉黑：</>若双方为好友关系，则拉黑会自动双向解除好友关系，且拉黑后无法再接收到对方的私聊。\n<Assistant_Title3>推荐搜索：</>{SendAnswer:[好友]|1406}，{SendAnswer:[好友-好友列表]|1407}，{SendAnswer:[好友-私聊]|1408}，{SendAnswer:[好友-群聊]|1409}，{SendAnswer:[好友-好友度]|1410}，{SendAnswer:[好友-跨服好友]|1411}	<Assistant_Title1>【Friends - Delete/Block】</>\n<Assistant_Title2>System Entry:</><Assistant_System>Menu - Friends - Click Avatar</>, \n<Assistant_Title2>Delete Friend:</>Deleting a friend will mutually remove the friendship, and they will no longer appear in your friend list.<Assistant_Red>Deleting a friend will clear the friendship level for both parties and cannot be recovered</>, please be Cautious.\n<Assistant_Title2>Block Friend:</>If you are currently friends, blocking will automatically remove the friendship on both sides, and you will no longer receive private messages from that person after blocking.\n<Assistant_Title3>Recommended Searches:</>{SendAnswer:[Friends]|1406}, {SendAnswer:[Friends - Friend List]|1407}, {SendAnswer:[Friends - Private Chat]|1408}, {SendAnswer:[Friends - Group Chat]|1409}, {SendAnswer:[Friends - Friendship Level]|1410}, {SendAnswer:[Friends - Cross-Server Friends]|1411}	
458	<Assistant_Title1>【好友-好友列表】</>\n<Assistant_Title2>系统入口：</><Assistant_System>菜单-好友</>{JumpToUI:[【前往查看】]|1250030}\n<Assistant_Title2>好友上限：</>本服好友上限200个，跨服好友拥有独立的分组，上限为50个。\n<Assistant_Title2>范围设置：</><Assistant_System>好友-右上角设置</>可以设置在线状态可见范围，可选择全部在线、全部隐身、对谁隐身、部分可见4个状态。并可以在设置中，调整可见范围和隐身范围。若群聊中有非好友关系的玩家，则该范围设置不生效。\n<Assistant_Title2>好友分组：</><Assistant_System>菜单-好友</>下方，点击<Assistant_System>创建分组</>可以创建自定义好友分组，最多可创建6个分组。创建分组后，可以通过<Assistant_System>管理分组</>进行排序和快捷删除操作。\n<Assistant_Title2>俱乐部成员：</>此分组列表默认显示非好友关系的当前俱乐部成员。\n<Assistant_Title3>推荐搜索：</>{SendAnswer:[好友]|1406}，{SendAnswer:[好友-私聊]|1408}，{SendAnswer:[好友-群聊]|1409}，{SendAnswer:[好友-好友度]|1410}，{SendAnswer:[好友-跨服好友]|1411}，{SendAnswer:[好友-删除拉黑]|1412}	<Assistant_Title1>【Friends - Friend List】</>\n<Assistant_Title2>System Entry: </><Assistant_System>Menu - Friends</>{JumpToUI:[【Go to View】]|1250030}\n<Assistant_Title2>Friend Limit: </>The friend limit for this server is 200. Cross-server friends have a separate group with a limit of 50.\n<Assistant_Title2>Visibility Settings: </><Assistant_System>Friends - Settings in the top right corner</>You can set the visibility of your online status. There are 4 available states: All Online, All Invisibility, Invisible to Specific Players, and Partially Visible. You can also adjust the visibility and invisibility ranges in the settings. If there are players in a group chat who are not on your friend list, these visibility settings will not take effect.\n<Assistant_Title2>Friend Groups: </><Assistant_System>Menu - Friends</>At the bottom, click <Assistant_System>Create Group</> to create custom friend groups. You can create up to 6 groups. After creating a group, you can use <Assistant_System>Manage Groups</> to sort or quickly delete them.\n<Assistant_Title2>Club Members: </>This group list displays current Club members who are not on your friend list by default.\n<Assistant_Title3>Recommended Search: </>{SendAnswer:[Friends]|1406}, {SendAnswer:[Friends - Private Chat]|1408}, {SendAnswer:[Friends - Group Chat]|1409}, {SendAnswer:[Friends - Friendliness]|1410}, {SendAnswer:[Friends - Cross-server Friends]|1411}, {SendAnswer:[Friends - Delete/Block]|1412}	
459	<Assistant_Title1>【好友-好友度】</>\n<Assistant_Title2>系统入口：</><Assistant_System>菜单-好友-好友私聊-右上角爱心标志</>\n<Assistant_Title2>获取来源：</>与好友组队击败1个团队/小队副本BOSS、组队击败世界BOSS、组队完成1次竞技玩法、与好友私聊、完成1次双人社交动作、双人共乘均可增加好友度。也可通过赠送社交礼物和赠送外观增加好友度。\n<Assistant_Title2>好友度清除：</><Assistant_Red>删除或拉黑好友会清空双方的好友度，无法恢复</>，请谨慎操作。\n<Assistant_Title3>推荐搜索：</>{SendAnswer:[好友]|1406}，{SendAnswer:[好友-好友列表]|1407}，{SendAnswer:[好友-私聊]|1408}，{SendAnswer:[好友-群聊]|1409}，{SendAnswer:[好友-跨服好友]|1411}，{SendAnswer:[好友-删除拉黑]|1412}	<Assistant_Title1>【Friends - Friendliness】</>\n<Assistant_Title2>System Access: </><Assistant_System>Menu - Friends - Private Chat - Heart icon in the top right corner</>\n<Assistant_Title2>Acquisition Source: </>Teaming up with friends to defeat 1 team/squad dungeon BOSS, teaming up to defeat a world BOSS, teaming up to complete 1 competitive activity, chatting privately with friends, completing 1 duo social action, or riding together can all increase Friendliness. You can also increase Friendliness by gifting social items and appearances.\n<Assistant_Title2>Friendliness Reset: </><Assistant_Red>Deleting or blocking a friend will clear the Friendliness between both parties and cannot be recovered</>, so please proceed with caution.\n<Assistant_Title3>Recommended Search: </>{SendAnswer:[Friends]|1406}, {SendAnswer:[Friends - Friend List]|1407}, {SendAnswer:[Friends - Private Chat]|1408}, {SendAnswer:[Friends - Group Chat]|1409}, {SendAnswer:[Friends - Cross-Server Friends]|1411}, {SendAnswer:[Friends - Delete/Block]|1412}	
460	<Assistant_Title1>【好友-私聊】</>\n<Assistant_Title2>系统入口：</><Assistant_System>菜单-好友</>{JumpToUI:[【前往查看】]|1250030}\n<Assistant_Title2>好友置顶：</><Assistant_System>好友-私聊-右下角设置</>聊天设置中，可以将好友设置为置顶。无论该好友是否在线，都会优先显示在好友列表中。\n<Assistant_Title2>好友备注：</><Assistant_System>好友-私聊-右下角设置</>聊天设置中，可以自行设置好友的备注。\n<Assistant_Title2>免打扰：</><Assistant_System>好友-私聊-右下角设置</>聊天设置中，可以调整免打扰开关，开启免打扰后，该玩家的信息将不再出现弹条和红点提醒。\n<Assistant_Title3>推荐搜索：</>{SendAnswer:[好友]|1406}，{SendAnswer:[好友-好友列表]|1407}，{SendAnswer:[好友-群聊]|1409}，{SendAnswer:[好友-好友度]|1410}，{SendAnswer:[好友-跨服好友]|1411}，{SendAnswer:[好友-删除拉黑]|1412}	<Assistant_Title1>【Friends-Private Chat】</>\n<Assistant_Title2>System Access: </><Assistant_System>Menu-Friends</>{JumpToUI:[【Go to View】]|1250030}\n<Assistant_Title2>Pin Friend: </><Assistant_System>Friends-Private Chat-Settings in the bottom right corner</>In Chat Settings, you can pin a friend. Regardless of whether the friend is online, they will be displayed at the top of your friend list.\n<Assistant_Title2>Friend Nickname: </><Assistant_System>Friends-Private Chat-Settings in the bottom right corner</>In Chat Settings, you can set a custom nickname for your friend.\n<Assistant_Title2>Do Not Disturb: </><Assistant_System>Friends-Private Chat-Settings in the bottom right corner</>In Chat Settings, you can toggle the Do Not Disturb switch. Once enabled, you will no longer receive pop-up notifications or red dot alerts for messages from this player.\n<Assistant_Title3>Recommended Searches: </>{SendAnswer:[Friends]|1406}, {SendAnswer:[Friends-Friend List]|1407}, {SendAnswer:[Friends-Group Chat]|1409}, {SendAnswer:[Friends-Friendship Level]|1410}, {SendAnswer:[Friends-Cross-Server Friends]|1411}, {SendAnswer:[Friends-Delete/Block]|1412}	
461	<Assistant_Title1>【好友-群聊】</>\n<Assistant_Title2>系统入口：</><Assistant_System>菜单-好友-群聊</>\n<Assistant_Title2>创建和加入群聊：</><Assistant_System>菜单-好友-群聊</>点击创建群聊按钮，可创建群聊邀请好友加入。也可通过群聊成员间的邀请，加入已有群聊。\n<Assistant_Title2>群聊成员：</>单个群聊成员上限50人，群聊支持跨服好友加入。\n<Assistant_Title2>群聊语音：</>点击<Assistant_System>创建语音</>可发起群聊语音通话，群聊语音同语音房间、队伍语音不互斥。\n<Assistant_Title3>推荐搜索：</>{SendAnswer:[好友]|1406}，{SendAnswer:[好友-好友列表]|1407}，{SendAnswer:[好友-私聊]|1408}，{SendAnswer:[好友-好友度]|1410}，{SendAnswer:[好友-跨服好友]|1411}，{SendAnswer:[好友-删除拉黑]|1412}	<Assistant_Title1>【Friends - Group Chat】</>\n<Assistant_Title2>System Entry: </><Assistant_System>Menu - Friends - Group Chat</>\n<Assistant_Title2>Creating and Joining Group Chats: </><Assistant_System>Menu - Friends - Group Chat</>Click the Create Group Chat button to create a group and invite friends to join. You can also join existing group chats through invitations from other members.\n<Assistant_Title2>Group Chat Members: </>Each group chat has a limit of 50 members and supports cross-server friend invitations.\n<Assistant_Title2>Group Chat Voice: </>Click <Assistant_System>Create Voice</> to initiate a group voice call. Group voice is not mutually exclusive with voice rooms or team voice.\n<Assistant_Title3>Recommended Searches: </>{SendAnswer:[Friends]|1406}, {SendAnswer:[Friends - Friend List]|1407}, {SendAnswer:[Friends - Private Chat]|1408}, {SendAnswer:[Friends - Friendliness]|1410}, {SendAnswer:[Friends - Cross-server Friends]|1411}, {SendAnswer:[Friends - Delete/Block]|1412}	
462	<Assistant_Title1>【好友-跨服好友】</>\n<Assistant_Title2>系统入口：</><Assistant_System>菜单-好友-跨服好友</>\n<Assistant_Title2>好友添加：</><Assistant_System>好友-添加</>页签下，输入角色昵称或角色数字ID可以搜索添加跨服好友。\n<Assistant_Title2>好友赠礼：</>可以通过<Assistant_System>好友-私聊-右下角赠礼</>，与跨服好友互相赠礼，提升好友度。\n<Assistant_Title3>推荐搜索：</>{SendAnswer:[好友]|1406}，{SendAnswer:[好友-好友列表]|1407}，{SendAnswer:[好友-私聊]|1408}，{SendAnswer:[好友-群聊]|1409}，{SendAnswer:[好友-好友度]|1410}，{SendAnswer:[好友-删除拉黑]|1412}	<Assistant_Title1>【Friends - Cross-Server Friends】</>\n<Assistant_Title2>System Entry: </><Assistant_System>Menu - Friends - Cross-Server Friends</>\n<Assistant_Title2>Adding Friends: </><Assistant_System>Under the Friends - Add tab, you can search for and add cross-server friends by entering their character nickname or character numeric ID.</>\n<Assistant_Title2>Friend Gifts: </>You can exchange gifts with cross-server friends to increase your Friendliness via <Assistant_System>Friends - Private Chat - Gift in the bottom right corner</>.\n<Assistant_Title3>Recommended Searches: </>{SendAnswer:[Friends]|1406}, {SendAnswer:[Friends - Friend List]|1407}, {SendAnswer:[Friends - Private Chat]|1408}, {SendAnswer:[Friends - Group Chat]|1409}, {SendAnswer:[Friends - Friendliness]|1410}, {SendAnswer:[Friends - Delete/Block]|1412}	
463	<Assistant_Title1>【好友】</>\n<Assistant_Title2>开放等级：</>认知等级<Assistant_Red>2级</>\n<Assistant_Title2>系统入口：</><Assistant_System>菜单-好友</>{JumpToUI:[【前往查看】]|1250030}\n<Assistant_Title2>系统介绍：</>在好友界面，可以进行查找、添加、管理好友、查看好友个人信息和在线状态，与好友私聊和赠礼等操作。\n<Assistant_Title2>好友添加：</><Assistant_System>好友-添加</>页签下，输入角色昵称或角色数字ID可以搜索本服和跨服好友。\n<Assistant_Title2>好友申请：</><Assistant_System>好友-申请</>页签下，可以操作好友申请信息。 \n<Assistant_Title2>好友推荐：</><Assistant_System>好友-添加</>页签下，系统自动推荐本服好友。\n<Assistant_Title2>好友弹条设置：</><Assistant_System>设置-社交-信息设置</>中，可以操作是否显示好友申请弹条。\n<Assistant_Title3>基础功能细节规则：</>{SendAnswer:[好友-好友列表]|1407}，{SendAnswer:[好友-私聊]|1408}，{SendAnswer:[好友-群聊]|1409}，{SendAnswer:[好友-好友度]|1410}，{SendAnswer:[好友-跨服好友]|1411}，{SendAnswer:[好友-删除拉黑]|1412}	<Assistant_Title1>【Friends】</>\n<Assistant_Title2>Unlock Level: </>Cognition Level <Assistant_Red>2</>\n<Assistant_Title2>System Access: </><Assistant_System>Menu-Friends</>{JumpToUI:[【Go to View】]|1250030}\n<Assistant_Title2>System Introduction: </>In the Friends interface, you can search for, add, and manage friends, view their personal information and online status, send private messages, and give gifts.\n<Assistant_Title2>Adding Friends: </><Assistant_System>Under the Friends-Add</> tab, enter a character nickname or numeric ID to search for friends on the current server or cross-server.\n<Assistant_Title2>Friend Requests: </><Assistant_System>Under the Friends-Requests</> tab, you can manage friend request notifications. \n<Assistant_Title2>Friend Recommendations: </><Assistant_System>Under the Friends-Add</> tab, the system will automatically recommend friends from the current server.\n<Assistant_Title2>Friend Notification Settings: </><Assistant_System>In Settings-Social-Message Settings</>, you can toggle whether to display friend request notifications.\n<Assistant_Title3>Basic Function Details: </>{SendAnswer:[Friends-Friend List]|1407}, {SendAnswer:[Friends-Private Chat]|1408}, {SendAnswer:[Friends-Group Chat]|1409}, {SendAnswer:[Friends-Friendship Level]|1410}, {SendAnswer:[Friends-Cross-Server Friends]|1411}, {SendAnswer:[Friends-Delete/Block]|1412}	
464	<Assistant_Title1>【如何加入教团】</>\n教团解锁后，可通过<Assistant_System>跑团</>入口或对应找教团 NPC 进入加入流程。\n\n<Assistant_Title2>加入流程：</>\n1. 打开教团选择界面。\n2. 选择想加入的教团。\n3. 查看该教团的能力、信仰与推荐属性。\n4. 完成属性加点后确认。\n\n<Assistant_Title3>推荐搜索：</>{SendAnswer:[教团选择与属性加点]|1274}	<Assistant_Title1>【How to Join a Covenant】</>\nAfter a Covenant is unlocked, you can enter the joining process via the <Assistant_System>Run Group</> entrance or by finding the corresponding Covenant NPC.\n\n<Assistant_Title2>Joining Process: </>\n1. Open the Covenant selection interface.\n2. Select the Covenant you wish to join.\n3. View the abilities, faith, and recommended attributes of that Covenant.\n4. Confirm after completing attribute point allocation.\n\n<Assistant_Title3>Recommended Search: </>{SendAnswer:[Covenant Selection and Attribute Allocation]|1274}	
465	<Assistant_Title1>【威尔冰淇淋】</>\n<Assistant_Title2>描述：</>玩法奖励饰品\n<Assistant_Title2>使用：</>使用后获得威尔冰淇淋，可点击<Assistant_System>外观-换装</>查看并使用。\n<Assistant_Title2>获取：</>通过<Assistant_System>玩法-家族</>获得	<Assistant_Title1>【Will's Ice Cream】</>\n<Assistant_Title2>Description: </>Accessory rewarded for gameplay\n<Assistant_Title2>Usage: </>After use, you will obtain Will's Ice Cream. You can click <Assistant_System>Appearance - Change Outfit</> to view and use it.\n<Assistant_Title2>Acquisition: </>Obtain through <Assistant_System>Gameplay - Family</>.	
466	<Assistant_Title1>【学徒】</>\n<Assistant_Title2>描述：</>默认展台表情贴纸\n<Assistant_Title2>使用：</>可点击<Assistant_System>外观-展台</>查看并使用。\n<Assistant_Title2>获取：</>默认解锁	<Assistant_Title1>【Apprentice】</>\n<Assistant_Title2>Description: </>Default display stand sticker\n<Assistant_Title2>Usage: </>You can click <Assistant_System>Appearance - Display Stand</> to view and use it.\n<Assistant_Title2>Acquisition: </>Unlocked by default.	
467	<Assistant_Title1>【学者雕像】</>\n<Assistant_Title2>描述：</>探索奖励展台组件\n<Assistant_Title2>使用：</>使用后获得展台组件学者雕像，可点击<Assistant_System>外观-展台</>查看并使用。\n<Assistant_Title2>获取：</><Assistant_System>探索</>获取	<Assistant_Title1>【Scholar Statue】</>\n<Assistant_Title2>Description: </>Display stand component rewarded for Exploration\n<Assistant_Title2>Usage: </>After use, you will obtain the Scholar Statue display component. You can click <Assistant_System>Appearance - Display Stand</> to view and use it.\n<Assistant_Title2>Acquisition: </><Assistant_System>Exploration</> acquisition.	
468	<Assistant_Title1>【安提哥努斯笔记】</>\n<Assistant_Title2>任务类型：</><Assistant_Property2>原著主线</>\n<Assistant_Title2>任务描述：</>迷途的灵魂，于破碎旧梦中酣眠。\n<Assistant_Title2>领取方式：</>第一赛季第九天解锁。完成原著剧情第五章《第一次正式委托》，且扮演等级达到<Assistant_Red>63级</>后自动接取。\n<Assistant_Title2>任务奖励</>：认知经验、绑定苏勒、绑定金镑、历史明灯\n<Assistant_Title3>推荐搜索：</>{SendAnswer:[副本·安提哥努斯笔记]|18}	<Assistant_Title1>【Antigonus Notebook】</>\n<Assistant_Title2>Quest Type:</><Assistant_Property2>Original Main Storyline</>\n<Assistant_Title2>Quest Description:</>Lost souls slumber in broken old dreams.\n<Assistant_Title2>How to Obtain:</>Unlocked on the ninth day of the first season. Automatically accepted after completing Chapter 5 of the original story, \"The First Official Commission,\" and reaching <Assistant_Red>Acting Level 63</>.\n<Assistant_Title2>Quest Rewards</>: Cognitive EXP, Bound Sule, Bound Gold Pounds, Historical Beacon.\n<Assistant_Title3>Recommended Searches:</>{SendAnswer:[Dungeon·Antigonus Notebook]|18}	
469	<Assistant_Title1>【安魂花簇】</>\n<Assistant_Title2>描述：</>商城直售饰品\n<Assistant_Title2>使用：</>商城购买后获得安魂花簇，可点击<Assistant_System>外观-换装</>查看并使用。\n<Assistant_Title2>获取：</>通过<Assistant_System>商城</>获取	<Assistant_Title1>【Requiem Flower Cluster】</>\n<Assistant_Title2>Description: </>Shop Direct-Purchase Accessory\n<Assistant_Title2>Usage: </>Purchase in the shop to obtain the Requiem Flower Cluster. You can click <Assistant_System>Appearance - Change Outfit</> to view and use it.\n<Assistant_Title2>Acquisition: </>Obtained via <Assistant_System>Shop</>	
470	<Assistant_Title1>【宫廷餐具】</>\n<Assistant_Title2>描述：</>商城直售武器外观\n<Assistant_Title2>使用：</>商城购买后获得宫廷餐具，可点击<Assistant_System>外观-武器</>查看并使用。\n<Assistant_Title2>获取：</>通过<Assistant_System>商城</>获取	<Assistant_Title1>【Court Tableware】</>\n<Assistant_Title2>Description: </>Shop Direct-Purchase Weapon Appearance\n<Assistant_Title2>Usage: </>Purchase in the shop to obtain the Court Tableware. You can click <Assistant_System>Appearance - Weapon</> to view and use it.\n<Assistant_Title2>Acquisition: </>Obtained via <Assistant_System>Shop</>	
471	<Assistant_Title1>【家族-展台规则】</>\n<Assistant_Title2>系统入口：</><Assistant_System>菜单-家族-编辑展台</>\n<Assistant_Title2>编辑权限：</>不同身份的家族成员可更改的展台内容不同。\n    <Assistant_Property1>普通成员：</>仅本人角色。\n    <Assistant_Property1>首席：</>所有成员角色（可配置动作范围为该角色对应玩家的解锁范围），<Assistant_Property1>镜头</>，<Assistant_Property1>场景</>（可配置范围为首席解锁范围），<Assistant_Property1>置景</>（可配置范围为首席解锁范围），<Assistant_Property1>风向</>，<Assistant_Property1>调色</>。\n<Assistant_Title2>展台移除：</>当家族成员离开家族时，将自动移除展台内该玩家的以下内容：\n    <Assistant_Property1>展台角色</>\n    <Assistant_Property1>场景</>（如有使用）\n    <Assistant_Property1>置景</>（如有使用）\n<Assistant_Title2>展台解锁：</>随家族等级提升，分别在2级、6级时解锁家族展台专属场景，该场景仅可在家族展台中使用。\n<Assistant_Title3>推荐搜索：</>{SendAnswer:[家族]|665}，{SendAnswer:[家族-契约方式]|666}，{SendAnswer:[家族-奖励说明]|667}，{SendAnswer:[家族-等级规则]|668}	<Assistant_Title1>【Family - Display Stand Rules】</>\n<Assistant_Title2>System Entry:</><Assistant_System>Menu - Family - Edit Display Stand</>\n<Assistant_Title2>Editing Permissions:</>Different family members have different permissions for changing display stand content.\n    <Assistant_Property1>Ordinary Member:</>Only their own character.\n    <Assistant_Property1>Chief:</>All member characters (action range configurable based on the corresponding player's unlock range), <Assistant_Property1>Camera</>, <Assistant_Property1>Scene</> (configurable range based on Chief's unlock range), <Assistant_Property1>Set Pieces</> (configurable range based on Chief's unlock range), <Assistant_Property1>Wind Direction</>, <Assistant_Property1>Color Grading</>.\n<Assistant_Title2>Display Stand Removal:</>When a family member leaves the family, the following content for that player will be automatically removed from the display stand:\n    <Assistant_Property1>Display Stand Character</>\n    <Assistant_Property1>Scene</> (if used)\n    <Assistant_Property1>Set Pieces</> (if used)\n<Assistant_Title2>Display Stand Unlock:</>As the family level increases, exclusive family display stand scenes are unlocked at levels 2 and 6. These scenes can only be used in the family display stand.\n<Assistant_Title3>Recommended Search:</>{SendAnswer:[Family]|665}, {SendAnswer:[Family - Contract Method]|666}, {SendAnswer:[Family - Reward Explanation]|667}, {SendAnswer:[Family - Level Rules]|668}	
472	<Assistant_Title1>【家族-等级规则】</>\n<Assistant_Title2>默契值与等级：</>完成家族每周任务可获取默契值提升家族等级，每周默契值获取上限为<Assistant_Red>2000点</>。\n<Assistant_Title2>每周任务：</>家族成员组队参与对应玩法可获得默契值。\n    <Assistant_Property1>高倍默契值：</>每个任务当周前若干次完成时获得，超出次数后仅获得普通倍率。\n    <Assistant_Property1>刷新时间：</>任务每周刷新。\n<Assistant_Title3>推荐搜索：</>{SendAnswer:[家族]|665}，{SendAnswer:[家族-契约方式]|666}，{SendAnswer:[家族-奖励说明]|667}，{SendAnswer:[家族-展台规则]|669}	<Assistant_Title1>【Family - Level Rules】</>\n<Assistant_Title2>Rapport Value and Level: </>Complete weekly family quests to gain Rapport Value and increase the family level. The weekly cap for Rapport Value is <Assistant_Red>2000 points</>.\n<Assistant_Title2>Weekly Quests: </>Family members team up to participate in corresponding activities to earn Rapport Value.\n    <Assistant_Property1>High-Multiplier Rapport Value: </>Earned when completing each quest for the first few times during the week; after exceeding this limit, only the normal multiplier is earned.\n    <Assistant_Property1>Refresh Time: </>Quests refresh weekly.\n<Assistant_Title3>Recommended Search: </>{SendAnswer:[Family]|665}, {SendAnswer:[Family - Covenant Method]|666}, {SendAnswer:[Family - Reward Description]|667}, {SendAnswer:[Family - Display Stand Rules]|669}	
473	<Assistant_Title1>【家族】</>\n<Assistant_Title2>开放等级：</>认知等级<Assistant_Red>37级</>\n<Assistant_Title2>系统入口：</><Assistant_System>菜单-家族</>{JumpToUI:[【前往查看】]|1250091}\n<Assistant_Title2>系统介绍：</>以家族之名，以誓言为锁，在命运的深渊边缘互为锚点。寻找有着共同目标的友人缔结家族契约关系，完成家族任务提升家族等级，获得<Assistant_Property1>同行纹章</>以换取<Assistant_Property1>珍贵奖励</>。\n<Assistant_Title3>细节规则：</>{SendAnswer:[家族-契约方式]|666}，{SendAnswer:[家族-奖励说明]|667}，{SendAnswer:[家族-等级规则]|668}，{SendAnswer:[家族-展台规则]|669}	<Assistant_Title1>【Family】</>\n<Assistant_Title2> Unlock Level: </>Cognition Level <Assistant_Red>37</>\n<Assistant_Title2> System Entry: </><Assistant_System>Menu-Family</>{JumpToUI:[【Go to View】]|1250091}\n<Assistant_Title2> System Introduction: </>In the name of the Family, with oaths as locks, serve as anchors for each other on the edge of the abyss of fate. Find friends with common goals to conclude a Family contract, complete Family quests to increase Family level, and obtain <Assistant_Property1>Companion Emblems</> to exchange for <Assistant_Property1>precious rewards</>.\n<Assistant_Title3> Detailed Rules: </>{SendAnswer:[Family-Contract Methods]|666}, {SendAnswer:[Family-Reward Explanation]|667}, {SendAnswer:[Family-Level Rules]|668}, {SendAnswer:[Family-Display Stand Rules]|669}	
474	<Assistant_Title1>【家的担当】</>\n<Assistant_Title2>描述：</>人脉玩法奖励时装\n<Assistant_Title2>使用：</>使用后获得家的担当套装，可点击<Assistant_System>外观-换装</>查看并使用。\n<Assistant_Title2>获取：</>通过<Assistant_System>商城-百货-往事陈列馆</>使用记忆珍匣兑换	<Assistant_Title1>【Family Responsibility】</>\n<Assistant_Title2>Description: </>Reward outfit from social gameplay.\n<Assistant_Title2>Usage: </>Use to obtain the Family Responsibility outfit. You can view and equip it by clicking <Assistant_System>Appearance - Outfits</>.\n<Assistant_Title2>Acquisition: </>Exchange using Memory Caskets in <Assistant_System>Shop - General Goods - Past Exhibition Hall</>.	
475	<Assistant_Title1>【小圆框眼镜】</>\n<Assistant_Title2>描述：</>探索奖励饰品\n<Assistant_Title2>使用：</>使用后获得小圆框眼镜，可点击<Assistant_System>外观-换装</>查看并使用。\n<Assistant_Title2>获取：</><Assistant_System>探索</>获取	<Assistant_Title1>【Small Round Glasses】</>\n<Assistant_Title2>Description: </>Accessory rewarded for Exploration\n<Assistant_Title2>Usage: </>After use, you will obtain the Small Round Glasses. You can click <Assistant_System>Appearance - Change Outfit</> to view and use it.\n<Assistant_Title2>Acquisition: </><Assistant_System>Exploration</> acquisition.	
476	<Assistant_Title1>【小夜曲】</>\n<Assistant_Title2>描述：</>神眷发型\n<Assistant_Title2>使用：</>使用后获得小夜曲，可点击<Assistant_System>外观-换装</>查看并使用，也可兑换为<Assistant_Red>1</>张神眷牌。\n<Assistant_Title2>获取：</>通过<Assistant_System>召唤-灵界焕容</>获得，或在<Assistant_System>美神馈赠商店</>中使用<Assistant_Red>1</>张神眷牌购买	<Assistant_Title1> [Serenade] </>\n<Assistant_Title2> Description: </> God's Favor Hairstyle \n<Assistant_Title2> Use: </> After use, obtain Serenade; click <Assistant_System> Appearance - Change Outfit </> to view and use, or exchange for <Assistant_Red> 1 </> God's Favor Card. \n<Assistant_Title2> Acquisition: </> Obtained via <Assistant_System> Summon - Spirit World Renewal </>, or purchase using <Assistant_Red> 1 </> God's Favor Card in the <Assistant_System> Goddess's Gift Shop </>	
477	<Assistant_Title1>【展台·催眠】</>\n<Assistant_Title2>描述：</>段位奖励展台动作\n<Assistant_Title2>使用：</>使用后获得展台·催眠，可点击<Assistant_System>外观-展台</>查看并使用。\n<Assistant_Title2>获取：</><Assistant_System>躺赢-段位天梯</>达到一定段位获取	<Assistant_Title1>【Display Stand · Hypnosis】</>\n<Assistant_Title2>Description: </>Display stand action rewarded for rank\n<Assistant_Title2>Usage: </>After use, you will obtain Display Stand · Hypnosis. You can click <Assistant_System>Appearance - Display Stand</> to view and use it.\n<Assistant_Title2>Acquisition: </>Obtain by reaching a certain rank in <Assistant_System>Easy Win - Ranked Ladder</>.	
478	<Assistant_Title1>【展台·咏叹】</>\n<Assistant_Title2>描述：</>段位奖励展台动作\n<Assistant_Title2>使用：</>使用后获得展台·咏叹，可点击<Assistant_System>外观-展台</>查看并使用。\n<Assistant_Title2>获取：</><Assistant_System>躺赢-段位天梯</>达到一定段位获取	<Assistant_Title1>【Display Stand·Aria】</>\n<Assistant_Title2>Description: </>Rank Reward Display Stand Action\n<Assistant_Title2>Usage: </>After use, you will obtain Display Stand·Aria. You can click <Assistant_System>Appearance-Display Stand</> to view and use it.\n<Assistant_Title2>Acquisition: </><Assistant_System>Easy Win-Ranked Ladder</>Obtained upon reaching a certain rank	
479	<Assistant_Title1>【展台·坐姿】</>\n<Assistant_Title2>描述：</>世界冒险玩法奖励展台动作\n<Assistant_Title2>使用：</>使用后获得展台·坐姿，可点击<Assistant_System>外观-展台</>查看并使用。\n<Assistant_Title2>获取：</>通过<Assistant_System>商城-百货-冒险商店</>使用冒险勋章兑换	<Assistant_Title1>【Display Stand - Sitting】</>\n<Assistant_Title2>Description: </>World Adventure gameplay reward display action.\n<Assistant_Title2>Usage: </>Use to obtain the Display Stand - Sitting. You can view and use it by clicking <Assistant_System>Appearance - Display Stand</>.\n<Assistant_Title2>Acquisition: </>Exchange using Adventure Medals in <Assistant_System>Shop - General Goods - Adventure Shop</>.	
480	<Assistant_Title1>【展台·展示力量】</>\n<Assistant_Title2>描述：</>世界冒险玩法奖励展台动作\n<Assistant_Title2>使用：</>使用后获得展台·展示力量，可点击<Assistant_System>外观-展台</>查看并使用。\n<Assistant_Title2>获取：</>通过<Assistant_System>商城-百货-冒险商店</>使用冒险勋章兑换	<Assistant_Title1>【Display Stand - Show Strength】</>\n<Assistant_Title2>Description: </>World Adventure gameplay reward display action.\n<Assistant_Title2>Usage: </>Use to obtain the Display Stand - Show Strength. You can view and use it by clicking <Assistant_System>Appearance - Display Stand</>.\n<Assistant_Title2>Acquisition: </>Exchange using Adventure Medals in <Assistant_System>Shop - General Goods - Adventure Shop</>.	
481	<Assistant_Title1>【展台·思考】</>\n<Assistant_Title2>描述：</>默认展台动作\n<Assistant_Title2>使用：</>可点击<Assistant_System>外观-展台</>查看并使用。\n<Assistant_Title2>获取：</>默认解锁	<Assistant_Title1>【Display Stand - Thought】</>\n<Assistant_Title2>Description: </>Default display stand action.\n<Assistant_Title2>Usage: </>You can view and use it by clicking <Assistant_System>Appearance - Display Stand</>.\n<Assistant_Title2>Acquisition: </>Unlocked by default.	
482	<Assistant_Title1>【展台·抱胸】</>\n<Assistant_Title2>描述：</>段位奖励展台动作\n<Assistant_Title2>使用：</>使用后获得展台·抱胸，可点击<Assistant_System>外观-展台</>查看并使用。\n<Assistant_Title2>获取：</><Assistant_System>躺赢-段位天梯</>达到一定段位获取	<Assistant_Title1>【Display Stand·Crossed Arms】</>\n<Assistant_Title2>Description: </>Rank Reward Display Stand Action\n<Assistant_Title2>Usage: </>After use, you will obtain Display Stand·Crossed Arms. You can click <Assistant_System>Appearance-Display Stand</> to view and use it.\n<Assistant_Title2>Acquisition: </><Assistant_System>Easy Win-Ranked Ladder</>Obtained upon reaching a certain rank	
483	<Assistant_Title1>【展台·拍照】</>\n<Assistant_Title2>描述：</>世界冒险玩法奖励展台动作\n<Assistant_Title2>使用：</>使用后获得展台·拍照，可点击<Assistant_System>外观-展台</>查看并使用。\n<Assistant_Title2>获取：</>通过<Assistant_System>商城-百货-冒险商店</>使用冒险勋章兑换	<Assistant_Title1>【Display Stand - Photography】</>\n<Assistant_Title2>Description: </>World Adventure gameplay reward display action.\n<Assistant_Title2>Usage: </>Use to obtain the Display Stand - Photography. You can view and use it by clicking <Assistant_System>Appearance - Display Stand</>.\n<Assistant_Title2>Acquisition: </>Exchange using Adventure Medals in <Assistant_System>Shop - General Goods - Adventure Shop</>.	
484	<Assistant_Title1>【展台·撑伞】</>\n<Assistant_Title2>描述：</>段位奖励展台动作\n<Assistant_Title2>使用：</>使用后获得展台·撑伞，可点击<Assistant_System>外观-展台</>查看并使用。\n<Assistant_Title2>获取：</><Assistant_System>躺赢-段位天梯</>达到一定段位获取	<Assistant_Title1>【Display Stand·Holding Umbrella】</>\n<Assistant_Title2>Description: </>Rank Reward Display Stand Action\n<Assistant_Title2>Usage: </>After use, you will obtain Display Stand·Holding Umbrella. You can click <Assistant_System>Appearance-Display Stand</> to view and use it.\n<Assistant_Title2>Acquisition: </><Assistant_System>Easy Win-Ranked Ladder</>Obtained upon reaching a certain rank	
485	<Assistant_Title1>【展台·比心】</>\n<Assistant_Title2>描述：</>组队玩法奖励展台动作\n<Assistant_Title2>使用：</>使用后获得展台·比心，可点击<Assistant_System>外观-展台</>查看并使用。\n<Assistant_Title2>获取：</>通过<Assistant_System>商城-百货-同行商店</>使用同行纹章兑换	<Assistant_Title1>【Display Stand - Heart Hands】</>\n<Assistant_Title2>Description: </>Team gameplay reward display action.\n<Assistant_Title2>Usage: </>Use to obtain the Display Stand - Heart Hands. You can view and use it by clicking <Assistant_System>Appearance - Display Stand</>.\n<Assistant_Title2>Acquisition: </>Exchange using Companion Emblems in <Assistant_System>Shop - General Goods - Companion Shop</>.	
486	<Assistant_Title1>【展台·比手枪 】</>\n<Assistant_Title2>描述：</>竞技玩法奖励展台动作\n<Assistant_Title2>使用：</>使用后获得展台·比手枪 ，可点击<Assistant_System>外观-展台</>查看并使用。\n<Assistant_Title2>获取：</>通过<Assistant_System>商城-百货-凯旋商店</>使用凯旋徽章兑换	<Assistant_Title1>【Display Stand · Pistol Gesture】</>\n<Assistant_Title2>Description: </>Display stand action rewarded for Competition gameplay\n<Assistant_Title2>Usage: </>After use, you will obtain Display Stand · Pistol Gesture. You can click <Assistant_System>Appearance - Display Stand</> to view and use it.\n<Assistant_Title2>Acquisition: </>Exchange using Triumph Badges in the <Assistant_System>Mall - General Goods - Triumph Shop</>.	
487	<Assistant_Title1>【展台·睥睨】</>\n<Assistant_Title2>描述：</>竞技玩法奖励展台动作\n<Assistant_Title2>使用：</>使用后获得展台·睥睨，可点击<Assistant_System>外观-展台</>查看并使用。\n<Assistant_Title2>获取：</>通过<Assistant_System>商城-百货-凯旋商店</>使用凯旋徽章兑换	<Assistant_Title1>【Display Stand · Disdain】</>\n<Assistant_Title2>Description: </>Display stand action rewarded for Competition gameplay\n<Assistant_Title2>Usage: </>After use, you will obtain Display Stand · Disdain. You can click <Assistant_System>Appearance - Display Stand</> to view and use it.\n<Assistant_Title2>Acquisition: </>Exchange using Triumph Badges in the <Assistant_System>Mall - General Goods - Triumph Shop</>.	
488	<Assistant_Title1>【展台·研习】</>\n<Assistant_Title2>描述：</>世界冒险玩法奖励展台动作\n<Assistant_Title2>使用：</>使用后获得展台·研习，可点击<Assistant_System>外观-展台</>查看并使用。\n<Assistant_Title2>获取：</>通过<Assistant_System>商城-百货-冒险商店</>使用冒险勋章兑换	<Assistant_Title1>【Display Stand · Study】</>\n<Assistant_Title2>Description: </>Display stand action rewarded for World Adventure gameplay\n<Assistant_Title2>Usage: </>After use, you will obtain Display Stand · Study. You can click <Assistant_System>Appearance - Display Stand</> to view and use it.\n<Assistant_Title2>Acquisition: </>Exchange using Adventure Medals in the <Assistant_System>Mall - General Goods - Adventure Shop</>.	
489	<Assistant_Title1>【展台·祈祷】</>\n<Assistant_Title2>描述：</>默认展台动作\n<Assistant_Title2>使用：</>可点击<Assistant_System>外观-展台</>查看并使用。\n<Assistant_Title2>获取：</>默认解锁	<Assistant_Title1>【Display Stand · Prayer】</>\n<Assistant_Title2>Description: </>Default display stand action\n<Assistant_Title2>Usage: </>You can click <Assistant_System>Appearance - Display Stand</> to view and use it.\n<Assistant_Title2>Acquisition: </>Unlocked by default.	
490	<Assistant_Title1>【展台·笃定】</>\n<Assistant_Title2>描述：</>世界冒险玩法奖励展台动作\n<Assistant_Title2>使用：</>使用后获得展台·笃定，可点击<Assistant_System>外观-展台</>查看并使用。\n<Assistant_Title2>获取：</>通过<Assistant_System>商城-百货-冒险商店</>使用冒险勋章兑换	<Assistant_Title1>【Display Stand - Certainty】</>\n<Assistant_Title2>Description: </>World Adventure gameplay reward display action.\n<Assistant_Title2>Usage: </>Use to obtain the Display Stand - Certainty. You can view and use it by clicking <Assistant_System>Appearance - Display Stand</>.\n<Assistant_Title2>Acquisition: </>Exchange using Adventure Medals in <Assistant_System>Shop - General Goods - Adventure Shop</>.	
491	<Assistant_Title1>【展台·耸肩】</>\n<Assistant_Title2>描述：</>段位奖励展台动作\n<Assistant_Title2>使用：</>使用后获得展台·耸肩，可点击<Assistant_System>外观-展台</>查看并使用。\n<Assistant_Title2>获取：</><Assistant_System>躺赢-段位天梯</>达到一定段位获取	<Assistant_Title1>【Display Stand·Shrug】</>\n<Assistant_Title2>Description: </>Rank Reward Display Stand Action\n<Assistant_Title2>Usage: </>After use, you will obtain Display Stand·Shrug. You can click <Assistant_System>Appearance-Display Stand</> to view and use it.\n<Assistant_Title2>Acquisition: </><Assistant_System>Easy Win-Ranked Ladder</>Obtained upon reaching a certain rank	
492	<Assistant_Title1>【展台·自信】</>\n<Assistant_Title2>描述：</>默认展台动作\n<Assistant_Title2>使用：</>可点击<Assistant_System>外观-展台</>查看并使用。\n<Assistant_Title2>获取：</>默认解锁	<Assistant_Title1>【Display Stand - Confidence】</>\n<Assistant_Title2>Description: </>Default display stand action.\n<Assistant_Title2>Usage: </>You can view and use it by clicking <Assistant_System>Appearance - Display Stand</>.\n<Assistant_Title2>Acquisition: </>Unlocked by default.	
493	<Assistant_Title1>【展台·致意】</>\n<Assistant_Title2>描述：</>组队玩法奖励展台动作\n<Assistant_Title2>使用：</>使用后获得展台·致意，可点击<Assistant_System>外观-展台</>查看并使用。\n<Assistant_Title2>获取：</>通过<Assistant_System>商城-百货-同行商店</>使用同行纹章兑换	<Assistant_Title1>【Display Stand - Greeting】</>\n<Assistant_Title2>Description: </>Team gameplay reward display action.\n<Assistant_Title2>Usage: </>Use to obtain the Display Stand - Greeting. You can view and use it by clicking <Assistant_System>Appearance - Display Stand</>.\n<Assistant_Title2>Acquisition: </>Exchange using Companion Emblems in <Assistant_System>Shop - General Goods - Companion Shop</>.	
494	<Assistant_Title1>【展台·蹲姿】</>\n<Assistant_Title2>描述：</>世界冒险玩法奖励展台动作\n<Assistant_Title2>使用：</>使用后获得展台·蹲姿，可点击<Assistant_System>外观-展台</>查看并使用。\n<Assistant_Title2>获取：</>通过<Assistant_System>商城-百货-冒险商店</>使用冒险勋章兑换	<Assistant_Title1>【Display Stand - Squat】</>\n<Assistant_Title2>Description: </>World Adventure gameplay reward display action.\n<Assistant_Title2>Usage: </>Use to obtain the Display Stand - Squat. You can view and use it by clicking <Assistant_System>Appearance - Display Stand</>.\n<Assistant_Title2>Acquisition: </>Exchange using Adventure Medals in <Assistant_System>Shop - General Goods - Adventure Shop</>.	
495	<Assistant_Title1>【展台·转腕】</>\n<Assistant_Title2>描述：</>竞技玩法奖励展台动作\n<Assistant_Title2>使用：</>使用后获得展台·转腕，可点击<Assistant_System>外观-展台</>查看并使用。\n<Assistant_Title2>获取：</>通过<Assistant_System>商城-百货-凯旋商店</>使用凯旋徽章兑换	<Assistant_Title1>【Display Stand · Wrist Turn】</>\n<Assistant_Title2>Description: </>Display stand action rewarded for Competition gameplay\n<Assistant_Title2>Usage: </>After use, you will obtain Display Stand · Wrist Turn. You can click <Assistant_System>Appearance - Display Stand</> to view and use it.\n<Assistant_Title2>Acquisition: </>Exchange using Triumph Badges in the <Assistant_System>Mall - General Goods - Triumph Shop</>.	
496	<Assistant_Title1>【展台·遮阳】</>\n<Assistant_Title2>描述：</>世界冒险玩法奖励展台动作\n<Assistant_Title2>使用：</>使用后获得展台·遮阳，可点击<Assistant_System>外观-展台</>查看并使用。\n<Assistant_Title2>获取：</>通过<Assistant_System>商城-百货-冒险商店</>使用冒险勋章兑换	<Assistant_Title1>【Display Stand - Shade Eyes】</>\n<Assistant_Title2>Description: </>World Adventure gameplay reward display action.\n<Assistant_Title2>Usage: </>Use to obtain the Display Stand - Shade Eyes. You can view and use it by clicking <Assistant_System>Appearance - Display Stand</>.\n<Assistant_Title2>Acquisition: </>Exchange using Adventure Medals in <Assistant_System>Shop - General Goods - Adventure Shop</>.	
497	<Assistant_Title1>【展台·邀请】</>\n<Assistant_Title2>描述：</>组队玩法奖励展台动作\n<Assistant_Title2>使用：</>使用后获得展台·邀请，可点击<Assistant_System>外观-展台</>查看并使用。\n<Assistant_Title2>获取：</>通过<Assistant_System>商城-百货-同行商店</>使用同行纹章兑换	<Assistant_Title1>【Display Stand - Invite】</>\n<Assistant_Title2>Description: </>Team gameplay reward display action.\n<Assistant_Title2>Usage: </>Use to obtain the Display Stand - Invite. You can view and use it by clicking <Assistant_System>Appearance - Display Stand</>.\n<Assistant_Title2>Acquisition: </>Exchange using Companion Emblems in <Assistant_System>Shop - General Goods - Companion Shop</>.	
498	<Assistant_Title1>【常胜之勋】</>\n<Assistant_Title2>描述：</>竞技玩法饰品\n<Assistant_Title2>使用：</>使用后获得常胜之勋，可点击<Assistant_System>外观-换装</>查看并使用。\n<Assistant_Title2>获取：</>通过终末猎杀拍卖获取	<Assistant_Title1> [Medal of Constant Victory] </>\n<Assistant_Title2> Description: </> Competition gameplay accessory \n<Assistant_Title2> Use: </> After use, obtain Medal of Constant Victory; click <Assistant_System> Appearance - Change Outfit </> to view and use. \n<Assistant_Title2> Acquisition: </> Obtained via Final Hunt auction	
499	<Assistant_Title1>【幽林菌语】</>\n<Assistant_Title2>描述：</>风尚回廊周边\n<Assistant_Title2>使用：</>使用后获得幽林菌语，可点击<Assistant_System>外观-周边/>查看并使用。\n<Assistant_Title2>获取：</><Assistant_System>风尚回廊</>收集进度解锁	<Assistant_Title1>【Fungal Whispers of the Dark Forest】</>\n<Assistant_Title2>Description: </>Fashion Corridor accessory.\n<Assistant_Title2>Usage: </>Use to obtain the Fungal Whispers of the Dark Forest. You can view and use it by clicking <Assistant_System>Appearance - Accessories\n.<Assistant_Title2>Acquisition: </><Assistant_System>Fashion Corridor</> collection progress unlock.	
500	<Assistant_Title1>【幽灵船舵】</>\n<Assistant_Title2>描述：</>神眷池饰品\n<Assistant_Title2>使用：</>使用后获得幽灵船舵，可点击<Assistant_System>外观-换装</>查看并使用。\n<Assistant_Title2>获取：</>通过<Assistant_System>召唤-灵界焕容</>获得	<Assistant_Title1>【Ghost Ship Helm】</>\n<Assistant_Title2>Description:</>God-Favored Pool Accessory\n<Assistant_Title2>Use:</>After use, obtain the Ghost Ship Helm; you can click <Assistant_System>Appearance-Change Outfit</> to view and use it.\n<Assistant_Title2>Acquisition:</>Obtained via <Assistant_System>Summon-Spirit World Renewal</>	
