ID	CN	EN	RU_TRANSLATION
501	<Assistant_Title1>【庄园摇铃】</>\n<Assistant_Title2>描述：</>副本掉落饰品\n<Assistant_Title2>使用：</>使用后获得庄园摇铃，可点击<Assistant_System>外观-换装</>查看并使用。\n<Assistant_Title2>获取：</>通过<Assistant_System>副本-五月庄园·花园</>获取	<Assistant_Title1>【Manor Ring Bell】</>\n<Assistant_Title2>Description: </>Dungeon Drop Accessory\n<Assistant_Title2>Usage: </>After use, you will obtain the Manor Ring Bell. You can click <Assistant_System>Appearance - Change Outfit</> to view and use it. \n<Assistant_Title2>Acquisition: </>Obtained via <Assistant_System>Dungeon - May Manor · Garden</>	
502	<Assistant_Title1>【庇佑者】</>\n<Assistant_Title2>描述：</>探索奖励展台组件\n<Assistant_Title2>使用：</>使用后获得展台组件庇佑者，可点击<Assistant_System>外观-展台</>查看并使用。\n<Assistant_Title2>获取：</><Assistant_System>探索</>获取	<Assistant_Title1>【Protector】</>\n<Assistant_Title2>Description: </>Display stand component rewarded for Exploration\n<Assistant_Title2>Usage: </>After use, you will obtain the Protector display component. You can click <Assistant_System>Appearance - Display Stand</> to view and use it.\n<Assistant_Title2>Acquisition: </><Assistant_System>Exploration</> acquisition.	
503	<Assistant_Title1>【座驾】</>\n<Assistant_Title2>名词介绍：</>外观类型的一种\n<Assistant_Title2>获取方式：</>座驾可以通过任务、活动、商城或特定玩法奖励获得等等多种多样的方式都有机会获取。\n<Assistant_Title2>查看切换：</>点击菜单-外观-座驾就可以预览和切换其他座驾，还能更换座驾外观\n<Assistant_Title2>召唤座驾：</>点击右下角坐骑按钮可以召唤座驾，PC端还可以用快捷键T召唤坐骑	<Assistant_Title1>【Vehicle】</>\n<Assistant_Title2>Introduction: </>A type of cosmetic.\n<Assistant_Title2>How to Obtain: </>Vehicles can be obtained in various ways, such as through quests, events, the Mall, or specific gameplay rewards.\n<Assistant_Title2>View and Switch: </>Click Menu - Cosmetics - Vehicle to preview and switch vehicles, or change their appearance.\n<Assistant_Title2>Summon Vehicle: </>Click the mount button in the bottom right to summon your vehicle; on PC, you can also use the shortcut key T to summon it.	
504	<Assistant_Title1>【异阳圣徽】</>\n<Assistant_Title2>描述：</>战令奖励饰品\n<Assistant_Title2>使用：</>使用后获得异阳圣徽，可点击<Assistant_System>外观-换装</>查看并使用。\n<Assistant_Title2>获取：</>战令解锁	<Assistant_Title1>【Alien Sun Holy Emblem】</>\n<Assistant_Title2>Description: </>Battle Pass reward accessory\n<Assistant_Title2>Use: </>Use to obtain Alien Sun Holy Emblem. You can view and equip it by clicking <Assistant_System>Appearance - Dress Up</>.\n<Assistant_Title2>Acquisition: </>Unlocked via Battle Pass	
505	<Assistant_Title1>【微笑】</>\n<Assistant_Title2>描述：</>默认展台表情\n<Assistant_Title2>使用：</>可点击<Assistant_System>外观-展台</>查看并使用。\n<Assistant_Title2>获取：</>默认解锁	<Assistant_Title1>【Smile】</>\n<Assistant_Title2>Description: </>Default display stand expression.\n<Assistant_Title2>Usage: </>You can view and use it by clicking <Assistant_System>Appearance - Display Stand</>.\n<Assistant_Title2>Acquisition: </>Unlocked by default.	
506	<Assistant_Title1>【惊情街区】</>\n<Assistant_Title2>描述：</>商城直售时装\n<Assistant_Title2>使用：</>商城购买后获得惊情街区套装，可点击<Assistant_System>外观-换装</>查看并使用。\n<Assistant_Title2>获取：</>通过<Assistant_System>商城</>获取	<Assistant_Title1>【Thrilling District】</>\n<Assistant_Title2>Description: </>Shop Direct-Purchase Outfit\n<Assistant_Title2>Usage: </>Purchase in the shop to obtain the Thrilling District outfit. You can click <Assistant_System>Appearance - Change Outfit</> to view and use it.\n<Assistant_Title2>Acquisition: </>Obtained via <Assistant_System>Shop</>	
507	<Assistant_Title1>【惊讶】</>\n<Assistant_Title2>描述：</>默认展台表情\n<Assistant_Title2>使用：</>可点击<Assistant_System>外观-展台</>查看并使用。\n<Assistant_Title2>获取：</>默认解锁	<Assistant_Title1>【Surprised】</>\n<Assistant_Title2>Description: </>Default display stand expression.\n<Assistant_Title2>Usage: </>You can view and use it by clicking <Assistant_System>Appearance - Display Stand</>.\n<Assistant_Title2>Acquisition: </>Unlocked by default.	
508	<Assistant_Title1>【意外的访客】</>\n<Assistant_Title2>任务类型：</><Assistant_Property2>原著主线</>\n<Assistant_Title2>任务描述：</>诡异的自杀，意外的穿越，陌生又熟悉的世界。此时有人敲响了房门，外面是朋友还是敌人？\n<Assistant_Title2>领取方式：</>第一赛季第二天解锁。完成原著剧情《灰雾之上》，且扮演等级达到<Assistant_Red>41级</>后自动接取。\n<Assistant_Title2>任务奖励</>：认知经验、绑定苏勒、绑定金镑、历史明灯、装备	<Assistant_Title1>【Unexpected Visitor】</>\n<Assistant_Title2>Quest Type: </><Assistant_Property2>Original Main Story </>\n<Assistant_Title2>Quest Description: </>A bizarre suicide, an accidental transmigration, a world both strange and familiar. At this moment, someone knocks on the door. Is it a friend or an enemy outside? \n<Assistant_Title2>How to Accept: </>Unlocked on the second day of the first season. Automatically accepted after completing the original story \"Above the Gray Fog\" and reaching <Assistant_Red>Acting Level 41</>. \n<Assistant_Title2>Quest Rewards</>: Cognition EXP, Bound Soule, Bound Gold Pound, Historical Beacon, Equipment	
509	<Assistant_Title1>【成就】</>\n<Assistant_Title2>系统说明：</>点击<Assistant_System>菜单-收藏-成就</>即可查看成就。\n<Assistant_Title2>使用指南：</>进入成就系统后，左侧列表可以切换成就<Assistant_Red>大类、小类</>。上方输入框可以查找该大类内的<Assistant_Red>成就名称</>。当有可领取的成就奖励时，可以点击右下角<Assistant_Red>“一键领取”</>领取该大类内的所有奖励。\n<Assistant_Title2>成就奖励：</>大量<Assistant_Red>绑定金镑</>、<Assistant_Red>称号</>等。\n<Assistant_Title2>查询指南：</>在攻略助手中输入对应成就名，可以查询到具体成就。	<Assistant_Title1>【Achievement】</>\n<Assistant_Title2>System Description: </>Click <Assistant_System>Menu - Collection - Achievement</> to view achievements. \n<Assistant_Title2>Usage Guide: </>After entering the achievement system, the list on the left can switch between achievement <Assistant_Red>categories and subcategories</>. The input box above can be used to search for <Assistant_Red>achievement names</> within that category. When there are claimable achievement rewards, you can click <Assistant_Red>\"Claim All\"</> in the bottom right corner to claim all rewards within that category. \n<Assistant_Title2>Achievement Rewards: </>A large amount of <Assistant_Red>Bound Gold Pound</>, <Assistant_Red>Titles</>, etc. \n<Assistant_Title2>Inquiry Guide: </>Enter the corresponding achievement name in the Strategy Assistant to query specific achievements.	
510	<Assistant_Title1>【我不是赌神】</>\n<Assistant_Title2>描述：</>竞技玩法奖励周边\n<Assistant_Title2>使用：</>使用后获得我不是赌神，可点击<Assistant_System>外观-周边/>查看并使用。\n<Assistant_Title2>获取：</>通过<Assistant_System>商城-百货-凯旋商店</>使用凯旋徽章兑换	<Assistant_Title1>【I Am Not the God of Gamblers】</>\n<Assistant_Title2>Description: </>Rewards for Competition gameplay peripherals\n<Assistant_Title2>Usage: </>After using, you will obtain I Am Not the God of Gamblers. You can click <Assistant_System>Appearance-Peripherals/> to view and use it.\n<Assistant_Title2>Acquisition: </>Exchange using Triumph Badges in the <Assistant_System>Shop-General-Triumph Store</>	
511	<Assistant_Title1>【战士】</>\n<Assistant_Title2>描述：</>默认展台表情贴纸\n<Assistant_Title2>使用：</>可点击<Assistant_System>外观-展台</>查看并使用。\n<Assistant_Title2>获取：</>默认解锁	<Assistant_Title1>【Warrior】</>\n<Assistant_Title2>Description: </>Default display stand sticker\n<Assistant_Title2>Usage: </>You can click <Assistant_System>Appearance - Display Stand</> to view and use it.\n<Assistant_Title2>Acquisition: </>Unlocked by default.	
512	<Assistant_Title1>【报丧者说】</>\n<Assistant_Title2>任务类型：</><Assistant_Property2>时代逸闻</>\n<Assistant_Title2>任务描述：</>葡萄架深处的旧宅前，一位男子似乎在寻找什么……\n<Assistant_Title2>领取方式：</>扮演等级达到<Assistant_Red>65级</>后，前往{Location:[金秋湖(373,197)]|27149;9014;1136;2;5200085;0}与<Assistant_Red>男子</>对话接取任务。\n<Assistant_Title2>任务奖励</>：认知经验、发票单据、冒险勋章、世界冒险秘宝进度	<Assistant_Title1>【What the Mourner Says】</>\n<Assistant_Title2>Quest Type: </><Assistant_Property2>Era Anecdote</>\n<Assistant_Title2>Quest Description: </>In front of the old house deep in the grape trellis, a man seems to be looking for something...\n<Assistant_Title2>How to Accept: </>After reaching Acting Level <Assistant_Red>65</>, go to {Location:[Golden Autumn Lake(373,197)]|27149;9014;1136;2;5200085;0} and talk to the <Assistant_Red>man</> to accept the quest.\n<Assistant_Title2>Quest Rewards</>: Cognition EXP, Invoices, Adventure Medal, World Adventure Treasure progress.	
513	<Assistant_Title1>【提摩西兔】</>\n<Assistant_Title2>描述：</>段位奖励展台贴纸\n<Assistant_Title2>使用：</>使用后获得提摩西兔，可点击<Assistant_System>外观-展台</>查看并使用。\n<Assistant_Title2>获取：</><Assistant_System>躺赢-段位天梯</>达到一定段位获取	<Assistant_Title1>【Timothy Rabbit】</>\n<Assistant_Title2>Description: </>Rank Reward Display Stand Sticker\n<Assistant_Title2>Usage: </>After use, you will obtain Timothy Rabbit. You can click <Assistant_System>Appearance-Display Stand</> to view and use it.\n<Assistant_Title2>Acquisition: </><Assistant_System>Easy Win-Ranked Ladder</>Obtained upon reaching a certain rank	
514	<Assistant_Title1>【教团/跑团】</>\n<Assistant_System>教团</>是跑团体系中的核心成长与阵营系统。加入教团后，你可以获得独立的<Assistant_Property1>教团等级</>、<Assistant_Property1>教团属性</>和对应教团的专属玩法。\n\n<Assistant_Title2>主要内容：</>\n1. 选择教团并完成属性配置。\n2. 通过教团玩法获得教团行动值以及各类奖励。\n3. 提升教团等级，解锁动作、外观、称号等奖励。\n4. 在探索与教团玩法中使用魅力、直觉、学识、武力等属性进行判定。\n\n<Assistant_Title3>推荐搜索：</>{SendAnswer:[如何加入教团]|1273}，{SendAnswer:[教团属性说明]|1275}，{SendAnswer:[教团行动值与周上限]|1276}	<Assistant_Title1>【Coven/TRPG】</>\n<Assistant_System>Coven </> is the core growth and faction system in the TRPG system. After joining a Coven, you can obtain an independent <Assistant_Property1>Coven Level</>, <Assistant_Property1>Coven Attributes</>, and exclusive gameplay for that Coven. \n\n<Assistant_Title2>Main Content: </>\n1. Choose a Coven and complete attribute configuration. \n2. Obtain Coven Action Points and various rewards through Coven gameplay. \n3. Increase Coven Level to unlock rewards like actions, appearances, and titles. \n4. Use attributes like Charisma, Intuition, Knowledge, and Might for checks during exploration and Coven gameplay. \n\n<Assistant_Title3>Recommended Searches: </>{SendAnswer:[How to Join a Coven]|1273}, {SendAnswer:[Coven Attribute Explanation]|1275}, {SendAnswer:[Coven Action Points and Weekly Cap]|1276}	
515	<Assistant_Title1>【教团选择与属性加点】</>\n加入教团时会进入类似跑团角色创建的流程，主要分为<Assistant_Property1>教团</>、<Assistant_Property1>信仰</>、<Assistant_Property1>属性</>三步。\n\n<Assistant_Title2>规则说明：</>\n1. 选择教团后，该教团的能力与信仰会自动确定。\n2. 每个教团有推荐属性方案，可以直接使用推荐加点。\n3. 属性基础值最低为 8，最高为 16，总属性点为 44。\n\n<Assistant_Title3>推荐搜索：</>{SendAnswer:[教团属性说明]|1275}，{SendAnswer:[如何加入教团]|1273}	<Assistant_Title1> [Covenant Selection and Attribute Points] </>\n When joining a Covenant, you will enter a process similar to tabletop RPG character creation, mainly divided into three steps: <Assistant_Property1> Covenant </>, <Assistant_Property1> Faith </>, and <Assistant_Property1> Attributes </>. \n\n<Assistant_Title2> Rules Explanation: </>\n 1. After selecting a Covenant, the abilities and faith of that Covenant will be automatically determined. \n 2. Each Covenant has a recommended attribute scheme, which you can use directly. \n 3. The base attribute value is at least 8 and at most 16, with a total of 44 attribute points. \n\n<Assistant_Title3> Recommended Searches: </> {SendAnswer: [Covenant Attribute Explanation] | 1275 }, {SendAnswer: [How to Join a Covenant] | 1273 }	
516	<Assistant_Title1>【旅行的初始】</>\n<Assistant_Title2>描述：</>人脉玩法奖励时装\n<Assistant_Title2>使用：</>使用后获得旅行的初始套装，可点击<Assistant_System>外观-换装</>查看并使用。\n<Assistant_Title2>获取：</>通过<Assistant_System>商城-百货-往事陈列馆</>使用记忆珍匣兑换	<Assistant_Title1>【Beginning of the Journey】</>\n<Assistant_Title2>Description: </>Connection gameplay reward outfit\n<Assistant_Title2>Use: </>Use to obtain the Beginning of the Journey set. You can view and equip it by clicking <Assistant_System>Appearance - Dress Up</>.\n<Assistant_Title2>Acquisition: </>Obtained via <Assistant_System>Mall - General Goods - Past Exhibition Hall</>, redeem using Memory Treasure Boxes	
517	<Assistant_Title1>【旌旗的赞颂】</>\n<Assistant_Title2>描述：</>神眷发型\n<Assistant_Title2>使用：</>使用后获得旌旗的赞颂，可点击<Assistant_System>外观-换装</>查看并使用，也可兑换为<Assistant_Red>1</>张神眷牌。\n<Assistant_Title2>获取：</>通过<Assistant_System>召唤-灵界焕容</>获得，或在<Assistant_System>美神馈赠商店</>中使用<Assistant_Red>1</>张神眷牌购买	<Assistant_Title1> [Praise of the Banner] </>\n<Assistant_Title2> Description: </> God's Favor Hairstyle \n<Assistant_Title2> Use: </> After use, obtain Praise of the Banner; click <Assistant_System> Appearance - Change Outfit </> to view and use, or exchange for <Assistant_Red> 1 </> God's Favor Card. \n<Assistant_Title2> Acquisition: </> Obtained via <Assistant_System> Summon - Spirit World Renewal </>, or purchase using <Assistant_Red> 1 </> God's Favor Card in the <Assistant_System> Goddess's Gift Shop </>	
518	<Assistant_Title1>【无声誓言】</>\n<Assistant_Title2>描述：</>神眷发型\n<Assistant_Title2>使用：</>使用后获得无声誓言，可点击<Assistant_System>外观-换装</>查看并使用，也可兑换为<Assistant_Red>1</>张神眷牌。\n<Assistant_Title2>获取：</>通过<Assistant_System>召唤-灵界焕容</>获得，或在<Assistant_System>美神馈赠商店</>中使用<Assistant_Red>1</>张神眷牌购买	<Assistant_Title1> [Silent Covenant] </>\n<Assistant_Title2> Description: </> God's Favor Hairstyle \n<Assistant_Title2> Use: </> After use, obtain Silent Covenant; click <Assistant_System> Appearance - Change Outfit </> to view and use, or exchange for <Assistant_Red> 1 </> God's Favor Card. \n<Assistant_Title2> Acquisition: </> Obtained via <Assistant_System> Summon - Spirit World Renewal </>, or purchase using <Assistant_Red> 1 </> God's Favor Card in the <Assistant_System> Goddess's Gift Shop </>	
519	<Assistant_Title1>【无暗十字】</>\n<Assistant_Title2>描述：</>首充奖励饰品\n<Assistant_Title2>使用：</>使用后获得无暗十字，可点击<Assistant_System>外观-换装</>查看并使用。\n<Assistant_Title2>获取：</>首次充值奖励	<Assistant_Title1>【Cross of No Darkness】</>\n<Assistant_Title2>Description: </>First-top-up reward accessory\n<Assistant_Title2>Use: </>Use to obtain Cross of No Darkness. You can view and equip it by clicking <Assistant_System>Appearance - Dress Up</>.\n<Assistant_Title2>Acquisition: </>First-top-up reward	
520	<Assistant_Title1>【无韵诗】</>\n<Assistant_Title2>描述：</>神眷池时装\n<Assistant_Title2>使用：</>使用后获得无韵诗套装，可点击<Assistant_System>外观-换装</>查看并使用。\n<Assistant_Title2>获取：</>通过<Assistant_System>召唤-灵界焕容</>获得	<Assistant_Title1> [Blank Verse] </>\n<Assistant_Title2> Description: </> God's Favor Pool Outfit \n<Assistant_Title2> Use: </> After use, obtain the Blank Verse set; click <Assistant_System> Appearance - Change Outfit </> to view and use. \n<Assistant_Title2> Acquisition: </> Obtained via <Assistant_System> Summon - Spirit World Renewal </>	
521	<Assistant_Title1>【日落泳装】</>\n<Assistant_Title2>描述：</>商城直售时装\n<Assistant_Title2>使用：</>商城购买后获得日落泳装套装，可点击<Assistant_System>外观-换装</>查看并使用。\n<Assistant_Title2>获取：</>通过<Assistant_System>商城</>获取	<Assistant_Title1>【Sunset Swimwear】</>\n<Assistant_Title2>Description: </>Shop Direct-Purchase Outfit\n<Assistant_Title2>Usage: </>Purchase in the shop to obtain the Sunset Swimwear outfit. You can click <Assistant_System>Appearance - Change Outfit</> to view and use it.\n<Assistant_Title2>Acquisition: </>Obtained via <Assistant_System>Shop</>	
522	<Assistant_Title1>【旧日遗风】</>\n<Assistant_Title2>描述：</>商城直售时装\n<Assistant_Title2>使用：</>商城购买后获得旧日遗风套装，可点击<Assistant_System>外观-换装</>查看并使用。\n<Assistant_Title2>获取：</>通过<Assistant_System>商城</>获取	<Assistant_Title1>【Old Days Legacy】</>\n<Assistant_Title2>Description: </>Store Direct-purchase Outfit\n<Assistant_Title2>Usage: </>After purchasing in the store, you will obtain the Old Days Legacy set. You can click <Assistant_System>Appearance - Change Outfit</> to view and use it. \n<Assistant_Title2>Acquisition: </>Obtained via <Assistant_System>Store</>	
523	<Assistant_Title1>【时之钟】</>\n<Assistant_Title2>描述：</>神眷池饰品\n<Assistant_Title2>使用：</>使用后获得时之钟，可点击<Assistant_System>外观-换装</>查看并使用。\n<Assistant_Title2>获取：</>通过<Assistant_System>召唤-灵界焕容</>获得	<Assistant_Title1>【Clock of Time】</>\n<Assistant_Title2>Description:</>God-Favored Pool Accessory\n<Assistant_Title2>Use:</>After use, obtain the Clock of Time; you can click <Assistant_System>Appearance-Change Outfit</> to view and use it.\n<Assistant_Title2>Acquisition:</>Obtained via <Assistant_System>Summon-Spirit World Renewal</>	
524	<Assistant_Title1>【时之鸦】</>\n<Assistant_Title2>描述：</>段位奖励展台贴纸\n<Assistant_Title2>使用：</>使用后获得时之鸦，可点击<Assistant_System>外观-展台</>查看并使用。\n<Assistant_Title2>获取：</><Assistant_System>躺赢-段位天梯</>达到一定段位获取	<Assistant_Title1>【Crow of Time】</>\n<Assistant_Title2>Description: </>Rank Reward Display Stand Sticker\n<Assistant_Title2>Usage: </>After use, you will obtain Crow of Time. You can click <Assistant_System>Appearance-Display Stand</> to view and use it.\n<Assistant_Title2>Acquisition: </><Assistant_System>Easy Win-Ranked Ladder</>Obtained upon reaching a certain rank	
525	<Assistant_Title1>【时代的传奇】</>\n<Assistant_Title2>描述：</>神眷发型\n<Assistant_Title2>使用：</>使用后获得时代的传奇，可点击<Assistant_System>外观-换装</>查看并使用，也可兑换为<Assistant_Red>1</>张神眷牌。\n<Assistant_Title2>获取：</>通过<Assistant_System>召唤-灵界焕容</>获得，或在<Assistant_System>美神馈赠商店</>中使用<Assistant_Red>1</>张神眷牌购买	<Assistant_Title1> [Legend of the Era] </>\n<Assistant_Title2> Description: </> God's Favor Hairstyle \n<Assistant_Title2> Use: </> After use, obtain Legend of the Era; click <Assistant_System> Appearance - Change Outfit </> to view and use, or exchange for <Assistant_Red> 1 </> God's Favor Card. \n<Assistant_Title2> Acquisition: </> Obtained via <Assistant_System> Summon - Spirit World Renewal </>, or purchase using <Assistant_Red> 1 </> God's Favor Card in the <Assistant_System> Goddess's Gift Shop </>	
526	<Assistant_Title1>【时虫宝藏】</>\n<Assistant_Title2>介绍：</>“恶作剧之神”阿蒙藏有时之虫的宝藏散落在各处，触碰时之裂隙能唤出阿蒙的谜题。\n<Assistant_Title2>玩法指引：</>\n<Assistant_Title3>1. 寻找时虫宝藏</>\n可通过以下任一方式前往玩法：\n<Assistant_Property2>跑团入口：</>打开菜单进入【跑团】，加入任意教团后，在【秩序世界】中选择【时虫宝藏】，点击【前往】即可自动寻路。\n<Assistant_Property1>地图入口：</>打开地图，切换至【探秘】页签，在【世界详情】中查看【时虫宝藏】玩法图标，并根据图标指引，在地图中找到对应标识，点击【前往】即可自动寻路。\n<Assistant_Title3>2. 开启寻宝</>\n与时之裂隙互动，并完成与单片眼镜虚影的对话后，即可开启寻宝挑战。\n<Assistant_Title3>3. 收集宝藏</>\n根据指引寻找散落的宝箱，收集全部宝箱后即可开启最终宝箱，获得奖励。\n<Assistant_Title1>【助手提示】</>\n<Assistant_Red>灵视</>可以帮助发现隐藏的宝箱，建议在寻找过程中使用哦~\n部分隐藏宝箱需要完成挑战后才能开启。	<Assistant_Title1>【Worm of Time Treasure】</>\n<Assistant_Title2>Introduction: </>The \"God of Mischief\" Amon has hidden treasures of Worms of Time scattered everywhere. Touching a Rift of Time can summon Amon's puzzles.\n<Assistant_Title2>Gameplay Guide: </>\n<Assistant_Title3>1. Finding the Worm of Time Treasure</>\nYou can navigate to this activity using either of the following methods:\n<Assistant_Property2>TTRPG Entry:</>Open the Menu, enter [TTRPG], join any organization, select [Worm of Time Treasure] in the [Orderly World], and click [Go] to start auto-pathing.\n<Assistant_Property1>Map Entry:</>Open the map, switch to the [Exploration] tab, view the [Worm of Time Treasure] icon in [World Details], find the corresponding marker on the map based on the icon's guidance, and click [Go] to start auto-pathing.\n<Assistant_Title3>2. Starting the Treasure Hunt</>\nInteract with the Rift of Time and complete the conversation with the monocle phantom shadow to start the treasure hunt challenge.\n<Assistant_Title3>3. Collecting the Treasure</>\nFollow the guidance to find the scattered treasure chests; after collecting all of them, you can open the final treasure chest to receive your reward.\n<Assistant_Title1>【Assistant Tip】</>\n<Assistant_Red>spirit vision</> can help you discover hidden treasure chests; it is recommended to use it during your search~\nSome hidden treasure chests can only be opened after completing a challenge.	
527	<Assistant_Title1>【明于绿夜】</>\n<Assistant_Title2>描述：</>神眷池时装\n<Assistant_Title2>使用：</>使用后获得明于绿夜套装，可点击<Assistant_System>外观-换装</>查看并使用。\n<Assistant_Title2>获取：</>通过<Assistant_System>召唤-灵界焕容</>获得	<Assistant_Title1> [Bright in Green Night] </>\n<Assistant_Title2> Description: </> God's Favor Pool Outfit \n<Assistant_Title2> Use: </> After use, obtain the Bright in Green Night set; click <Assistant_System> Appearance - Change Outfit </> to view and use. \n<Assistant_Title2> Acquisition: </> Obtained via <Assistant_System> Summon - Spirit World Renewal </>	
528	<Assistant_Title1>【明心】</>\n<Assistant_Title2>描述：</>创角发型\n<Assistant_Title2>使用：</>创角后获得明心，可点击<Assistant_System>外观-换装</>查看并使用。\n<Assistant_Title2>获取：</>创角时可选择获取一款发型，剩余发型后续可通过<Assistant_System>商城</>获取	<Assistant_Title1>【Clear Mind】</>\n<Assistant_Title2>Description: </>Character creation hairstyle.\n<Assistant_Title2>Usage: </>Obtain Clear Mind after character creation. You can view and equip it by clicking <Assistant_System>Appearance - Outfits</>.\n<Assistant_Title2>Acquisition: </>Choose one hairstyle during character creation; remaining hairstyles can be obtained later via <Assistant_System>Shop</>.	
529	<Assistant_Title1>【星月烛台】</>\n<Assistant_Title2>描述：</>教团等级奖励展台组件\n<Assistant_Title2>使用：</>使用后获得星月烛台，可点击<Assistant_System>外观-展台</>查看并使用。\n<Assistant_Title2>获取：</>教团等级解锁	<Assistant_Title1>【Star-Moon Candlestick】</>\n<Assistant_Title2>Description: </>Coven level reward display component\n<Assistant_Title2>Use: </>Use to obtain Star-Moon Candlestick. You can view and equip it by clicking <Assistant_System>Appearance - Display Stand</>.\n<Assistant_Title2>Acquisition: </>Coven level unlock	
530	<Assistant_Title1>【星盘的启迪】</>\n<Assistant_Title2>描述：</>教团等级奖励时装\n<Assistant_Title2>使用：</>使用后获得星盘的启迪套装，可点击<Assistant_System>外观-换装</>查看并使用。\n<Assistant_Title2>获取：</>教团等级解锁	<Assistant_Title1>【Enlightenment of the Star Chart】</>\n<Assistant_Title2>Description: </>Coven level reward outfit\n<Assistant_Title2>Use: </>Use to obtain the Enlightenment of the Star Chart set. You can view and equip it by clicking <Assistant_System>Appearance - Dress Up</>.\n<Assistant_Title2>Acquisition: </>Coven level unlock	
531	<Assistant_Title1>【星盘的裁断】</>\n<Assistant_Title2>描述：</>教团等级奖励时装\n<Assistant_Title2>使用：</>使用后获得星盘的裁断套装，可点击<Assistant_System>外观-换装</>查看并使用。\n<Assistant_Title2>获取：</>教团等级解锁	<Assistant_Title1> [Judgment of the Star Chart] </>\n<Assistant_Title2> Description: </> Cult Level Reward Fashion \n<Assistant_Title2> Usage: </> After use, gain the Judgment of the Star Chart set, which can be viewed and used by clicking <Assistant_System> Appearance - Dress Up </>. \n<Assistant_Title2> Acquisition: </> Unlocked by Cult Level	
532	<Assistant_Title1>【星途】</>\n<Assistant_Title2>描述：</>创角发型\n<Assistant_Title2>使用：</>创角后获得星途，可点击<Assistant_System>外观-换装</>查看并使用。\n<Assistant_Title2>获取：</>创角时可选择获取一款发型，剩余发型后续可通过<Assistant_System>商城</>获取	<Assistant_Title1>【Star Path】</>\n<Assistant_Title2>Description: </>Character creation hairstyle.\n<Assistant_Title2>Usage: </>Obtain Star Path after character creation. You can view and equip it by clicking <Assistant_System>Appearance - Outfits</>.\n<Assistant_Title2>Acquisition: </>Choose one hairstyle during character creation; remaining hairstyles can be obtained later via <Assistant_System>Shop</>.	
533	<Assistant_Title1>【星髓水晶球】</>\n<Assistant_Title2>描述：</>风尚回廊展台组件\n<Assistant_Title2>使用：</>使用后获得展台组件星髓水晶球，可点击<Assistant_System>外观-展台</>查看并使用。\n<Assistant_Title2>获取：</><Assistant_System>风尚回廊</>收集进度解锁	<Assistant_Title1>【Star Marrow Crystal Ball】</>\n<Assistant_Title2>Description: </>Fashion Corridor display stand component\n<Assistant_Title2>Usage: </>After use, you will obtain the Star Marrow Crystal Ball display component. You can click <Assistant_System>Appearance - Display Stand</> to view and use it.\n<Assistant_Title2>Acquisition: </>Unlock via <Assistant_System>Fashion Corridor</> collection progress.	
534	<Assistant_Title1>【晚风中】</>\n<Assistant_Title2>描述：</>商城直售时装\n<Assistant_Title2>使用：</>商城购买后获得晚风中套装，可点击<Assistant_System>外观-换装</>查看并使用。\n<Assistant_Title2>获取：</>通过<Assistant_System>商城</>获取	<Assistant_Title1> [In the Evening Breeze] </>\n<Assistant_Title2> Description: </> Mall Direct-Sale Fashion \n<Assistant_Title2> Usage: </> After purchasing in the Mall, gain the In the Evening Breeze set, which can be viewed and used by clicking <Assistant_System> Appearance - Dress Up </>. \n<Assistant_Title2> Acquisition: </> Obtained through <Assistant_System> Mall </>	
535	<Assistant_Title1>【晨雾仙踪】</>\n<Assistant_Title2>描述：</>商城直售时装\n<Assistant_Title2>使用：</>商城购买后获得晨雾仙踪套装，可点击<Assistant_System>外观-换装</>查看并使用。\n<Assistant_Title2>获取：</>通过<Assistant_System>商城</>获取	<Assistant_Title1>【Morning Mist Fairy Trail】</>\n<Assistant_Title2>Description: </>Shop Direct-Purchase Outfit\n<Assistant_Title2>Usage: </>Purchase in the shop to obtain the Morning Mist Fairy Trail outfit. You can click <Assistant_System>Appearance - Change Outfit</> to view and use it.\n<Assistant_Title2>Acquisition: </>Obtained via <Assistant_System>Shop</>	
536	<Assistant_Title1>【暖意蹲蹲】</>\n<Assistant_Title2>描述：</>段位奖励饰品\n<Assistant_Title2>使用：</>使用后获得暖意蹲蹲，可点击<Assistant_System>外观-换装</>查看并使用。\n<Assistant_Title2>获取：</><Assistant_System>躺赢-段位天梯</>达到一定段位获取	<Assistant_Title1>【Warm Squat】</>\n<Assistant_Title2>Description: </>Rank Reward Accessory\n<Assistant_Title2>Usage: </>After use, you will obtain Warm Squat. You can click <Assistant_System>Appearance-Outfit</> to view and use it.\n<Assistant_Title2>Acquisition: </><Assistant_System>Easy Win-Ranked Ladder</>Obtained upon reaching a certain rank	
537	<Assistant_Title1>【暗夜蝙蝠】</>\n<Assistant_Title2>描述：</>星币池展台贴纸\n<Assistant_Title2>使用：</>使用后获得暗夜蝙蝠，可点击<Assistant_System>外观-展台</>查看并使用。\n<Assistant_Title2>获取：</><Assistant_System>召唤-灵界焕容-星灵秘库商店</>中使用裁刀兑换	<Assistant_Title1>【Dark Night Bat】</>\n<Assistant_Title2>Description: </>Star Coin Pool display stand sticker\n<Assistant_Title2>Usage: </>After use, you will obtain the Dark Night Bat. You can click <Assistant_System>Appearance - Display Stand</> to view and use it.\n<Assistant_Title2>Acquisition: </>Exchange using Cutting Knives in the <Assistant_System>Summon - Spirit World Transformation - Astral Secret Vault Shop</>.	
538	<Assistant_Title1>【暗涌的危机】</>\n<Assistant_Title2>任务类型：</><Assistant_Property2>现实主线</>\n<Assistant_Title2>任务描述：</>根据现有线索，和伦纳德弗莱分头行动，协助调查从警察厅移交过来的失踪案。\n<Assistant_Title2>领取方式：</>第一赛季第三天解锁。完成主线剧情第二章《时代的浪潮》，且扮演等级达到<Assistant_Red>46级</>后自动接取。\n<Assistant_Title2>任务奖励</>：认知经验、绑定苏勒、绑定金镑、星币、45品武器箱、初级深红精粹、初级狂暴药剂、中级生命纯露	<Assistant_Title1>【Undercurrent Crisis】</>\n<Assistant_Title2>Quest Type: </><Assistant_Property2>Reality Main Story</>\n<Assistant_Title2>Quest Description: </>Based on existing clues, split up with Leonard and Frye to assist in investigating the missing persons case transferred from the police department.\n<Assistant_Title2>How to Accept: </>Unlocked on the third day of the first season. Automatically accepted after completing Chapter 2 of the main story, \"Tides of the Era,\" and reaching an Acting Level of <Assistant_Red>46</>.\n<Assistant_Title2>Quest Rewards</>: Cognition EXP, Bound Sol, Bound Gold Pound, Star Coin, Level 45 Weapon Box, Primary Crimson Essence, Primary Berserk Potion, Intermediate Life Dew	
539	<Assistant_Title1>【暗涌的危机】</>\n<Assistant_Title2>任务类型：</><Assistant_Property2>现实主线</>\n<Assistant_Title2>任务描述：</>根据现有线索，和伦纳德弗莱分头行动，协助调查从警察厅移交过来的失踪案。\n<Assistant_Title2>领取方式：</>第一赛季第三天解锁。完成主线剧情第二章《时代的浪潮》，且扮演等级达到<Assistant_Red>46级</>后自动接取。\n<Assistant_Title2>任务奖励</>：认知经验、绑定苏勒、绑定金镑、星币、武器箱	<Assistant_Title1>【Undercurrent Crisis】</>\n<Assistant_Title2>Quest Type: </><Assistant_Property2>Reality Main Story</>\n<Assistant_Title2>Quest Description: </>Based on existing clues, split up with Leonard and Frye to assist in investigating the missing persons case transferred from the police department.\n<Assistant_Title2>How to Accept: </>Unlocked on the third day of the first season. Automatically accepted after completing Chapter 2 of the main story, \"Tides of the Era,\" and reaching an Acting Level of <Assistant_Red>46</>.\n<Assistant_Title2>Quest Rewards</>: Cognition EXP, Bound Sol, Bound Gold Pound, Star Coin, Weapon Box	
540	<Assistant_Title1>【暮霭】</>\n<Assistant_Title2>描述：</>创角发型\n<Assistant_Title2>使用：</>创角后获得暮霭，可点击<Assistant_System>外观-换装</>查看并使用。\n<Assistant_Title2>获取：</>创角时可选择获取一款发型，剩余发型后续可通过<Assistant_System>商城</>获取	<Assistant_Title1>【Twilight Mist】</>\n<Assistant_Title2>Description: </>Character creation hairstyle.\n<Assistant_Title2>Usage: </>Obtain Twilight Mist after character creation. You can view and equip it by clicking <Assistant_System>Appearance - Outfits</>.\n<Assistant_Title2>Acquisition: </>Choose one hairstyle during character creation; remaining hairstyles can be obtained later via <Assistant_System>Shop</>.	
541	<Assistant_Title1>【有礼猫】</>\n<Assistant_Title2>描述：</>企微关注礼展台贴纸\n<Assistant_Title2>使用：</>使用后获得有礼猫，可点击<Assistant_System>外观-展台</>查看并使用。\n<Assistant_Title2>获取：</>通过<Assistant_System>活动-关注有礼</>获取	<Assistant_Title1>【Polite Cat】</>\n<Assistant_Title2>Description: </>Enterprise WeChat follow gift display stand sticker\n<Assistant_Title2>Usage: </>After use, you will obtain the Polite Cat. You can click <Assistant_System>Appearance - Display Stand</> to view and use it.\n<Assistant_Title2>Acquisition: </>Obtain through <Assistant_System>Event - Follow for Gifts</>.	
542	<Assistant_Title1>【朝阳】</>\n<Assistant_Title2>描述：</>创角发型\n<Assistant_Title2>使用：</>创角后获得朝阳，可点击<Assistant_System>外观-换装</>查看并使用。\n<Assistant_Title2>获取：</>创角时可选择获取一款发型，剩余发型后续可通过<Assistant_System>商城</>获取	<Assistant_Title1>【Morning Sun】</>\n<Assistant_Title2>Description: </>Character creation hairstyle.\n<Assistant_Title2>Usage: </>Obtain Morning Sun after character creation. You can view and equip it by clicking <Assistant_System>Appearance - Outfits</>.\n<Assistant_Title2>Acquisition: </>Choose one hairstyle during character creation; remaining hairstyles can be obtained later via <Assistant_System>Shop</>.	
543	<Assistant_Title1>【未诉之诗】</>\n<Assistant_Title2>描述：</>人脉玩法奖励时装\n<Assistant_Title2>使用：</>使用后获得未诉之诗套装，可点击<Assistant_System>外观-换装</>查看并使用。\n<Assistant_Title2>获取：</>通过<Assistant_System>商城-百货-往事陈列馆</>使用记忆珍匣兑换	<Assistant_Title1>【Unspoken Poem】</>\n<Assistant_Title2>Description: </>Connection gameplay reward outfit\n<Assistant_Title2>Use: </>Use to obtain the Unspoken Poem set. You can view and equip it by clicking <Assistant_System>Appearance - Dress Up</>.\n<Assistant_Title2>Acquisition: </>Obtained via <Assistant_System>Mall - General Goods - Past Exhibition Hall</>, redeem using Memory Treasure Boxes	
544	<Assistant_Title1>【枫树】</>\n<Assistant_Title2>描述：</>探索奖励展台组件\n<Assistant_Title2>使用：</>使用后获得展台组件枫树，可点击<Assistant_System>外观-展台</>查看并使用。\n<Assistant_Title2>获取：</><Assistant_System>探索</>获取	<Assistant_Title1>【Maple】</>\n<Assistant_Title2>Description: </>Display stand component rewarded for Exploration\n<Assistant_Title2>Usage: </>After use, you will obtain the Maple display component. You can click <Assistant_System>Appearance - Display Stand</> to view and use it.\n<Assistant_Title2>Acquisition: </><Assistant_System>Exploration</> acquisition.	
545	<Assistant_Title1>【枯叶蝶】</>\n<Assistant_Title2>描述：</>商城直售时装\n<Assistant_Title2>使用：</>商城购买后获得枯叶蝶套装，可点击<Assistant_System>外观-换装</>查看并使用。\n<Assistant_Title2>获取：</>通过<Assistant_System>商城</>获取	<Assistant_Title1>【Dead Leaf Butterfly】</>\n<Assistant_Title2>Description: </>Shop Direct-Purchase Outfit\n<Assistant_Title2>Usage: </>Purchase in the shop to obtain the Dead Leaf Butterfly outfit. You can click <Assistant_System>Appearance - Change Outfit</> to view and use it.\n<Assistant_Title2>Acquisition: </>Obtained via <Assistant_System>Shop</>	
546	<Assistant_Title1>【柏树】</>\n<Assistant_Title2>描述：</>探索奖励展台组件\n<Assistant_Title2>使用：</>使用后获得展台组件柏树，可点击<Assistant_System>外观-展台</>查看并使用。\n<Assistant_Title2>获取：</><Assistant_System>探索</>获取	<Assistant_Title1>【Cypress】</>\n<Assistant_Title2>Description: </>Display stand component rewarded for Exploration\n<Assistant_Title2>Usage: </>After use, you will obtain the Cypress display component. You can click <Assistant_System>Appearance - Display Stand</> to view and use it.\n<Assistant_Title2>Acquisition: </><Assistant_System>Exploration</> acquisition.	
547	<Assistant_Title1>【栖蝶披风】</>\n<Assistant_Title2>描述：</>星币池饰品\n<Assistant_Title2>使用：</>使用后获得栖蝶披风，可点击<Assistant_System>外观-换装</>查看并使用。\n<Assistant_Title2>获取：</>通过<Assistant_System>召唤-星灵奇装</>获得	<Assistant_Title1>【Butterfly Perch Cape】</>\n<Assistant_Title2>Description: </>Star Coin Pool Accessory\n<Assistant_Title2>Usage: </>After use, you will obtain the Butterfly Perch Cape. You can click <Assistant_System>Appearance - Change Outfit</> to view and use it. \n<Assistant_Title2>Acquisition: </>Obtained via <Assistant_System>Summon - Astral Wonders</>	
548	<Assistant_Title1>【桃心糖饼】</>\n<Assistant_Title2>描述：</>神眷池饰品\n<Assistant_Title2>使用：</>使用后获得桃心糖饼，可点击<Assistant_System>外观-换装</>查看并使用。\n<Assistant_Title2>获取：</>通过<Assistant_System>召唤-灵界焕容</>获得	<Assistant_Title1>【Heart Sugar Cookie】</>\n<Assistant_Title2>Description: </>God-favored Pool Accessory\n<Assistant_Title2>Usage: </>After use, you will obtain the Heart Sugar Cookie. You can click <Assistant_System>Appearance - Change Outfit</> to view and use it. \n<Assistant_Title2>Acquisition: </>Obtained via <Assistant_System>Summon - Spirit World Transformation</>	
549	<Assistant_Title1>【歌剧魅影-搭配规则】</>\n<Assistant_Title2>搭配阶段：</>本场主题公布后，满足资格的俱乐部成员可以进入搭配界面，根据主题关卡进行时装搭配。保存搭配后会计算搭配评分，并进入俱乐部本场评分排名。动作搭配主要影响表演效果，不影响评分。\n<Assistant_Title2>风格：</>每件外观拥有5组对立风格中的属性，如优雅/嬉皮、光明/黑暗、简约/奢华、纯真/冷酷、春夏/秋冬。每场会指定主风格和次风格，主风格权重更高。\n<Assistant_Title2>分数来源：</>单件服饰风格分会根据和每场主题的匹配度计算出基本分数，还会根据不同的染色等级受到染色加成；最终总分还会受到风尚鉴赏收集度的全局加成影响。\n<Assistant_Title2>参赛选手：</>进入调整阶段后，搭配会被锁定，俱乐部本场搭配评分前<Assistant_Red>5</>的成员自动成为参赛选手。\n<Assistant_Title2>调整顺序：</>有权限的管理者可以调整5名参赛选手的出场顺序；比赛前一段时间会禁止继续调整。	<Assistant_Title1>【Phantom of the Opera - Coordination Rules】</>\n<Assistant_Title2>Coordination Phase: </>After the theme for the round is announced, eligible club members can enter the coordination interface to perform fashion coordination based on the theme level. After saving the coordination, the coordination score will be calculated, and you will enter the club's score ranking for this round. Action coordination mainly affects performance effects and does not affect the score. \n<Assistant_Title2>Style: </>Each appearance has attributes from 5 opposing style groups, such as Elegant/Hippie, Light/Dark, Minimalist/Luxurious, Innocent/Cold, Spring-Summer/Autumn-Winter. Each round will specify a main style and a secondary style, with the main style having a higher weight. \n<Assistant_Title2>Score Source: </>The style score of a single piece of clothing will be calculated based on the matching degree with each round's theme, and will also receive dyeing bonuses based on different dyeing levels; the final total score will also be affected by the global bonus of Fashion Appreciation collection. \n<Assistant_Title2>Contestants: </>After entering the adjustment phase, the coordination will be locked, and the top <Assistant_Red>5</> members in the club's coordination score for this round will automatically become contestants. \n<Assistant_Title2>Adjusting Order: </>Authorized managers can adjust the appearance order of the 5 contestants; adjusting will be prohibited for a period of time before the match.	
550	<Assistant_Title1>【歌剧魅影】</>\n<Assistant_Title2>玩法说明：</><Assistant_System>歌剧魅影</>是俱乐部之间，比拼外观搭配的玩法，整体赛制和俱乐部联赛类似，但各位需要搭配外观，在魅影长廊一决高下。玩法会按赛季/轮次进行，和俱乐部联赛节奏保持一致。\n<Assistant_Title2>核心流程：</>每周指定时间公布本场主题 → 成员进行时装搭配并形成评分排名 → 开赛前锁定搭配评分前5名参赛选手 → 俱乐部管理调整出场顺序 → 晚间开赛进行俱乐部间 5 场对抗 → 结算胜负与奖励。\n<Assistant_Title2>参与条件：</>俱乐部需满足赛区/等级等条件，成员需要为正式成员，候补成员无法参与。\n<Assistant_Title2>推荐搜索：</>{SendAnswer:[歌剧魅影-搭配规则]|910},{SendAnswer:[歌剧魅影-比赛与奖励]|911}	<Assistant_Title1>【Phantom of the Opera】</>\n<Assistant_Title2> Gameplay Instructions: </><Assistant_System>Phantom of the Opera</> is a gameplay mode where clubs compete in appearance coordination. The overall tournament format is similar to the Club League, but you will need to coordinate outfits to compete in the Phantom Corridor. The gameplay follows a seasonal/round-based schedule, consistent with the rhythm of the Club League. \n<Assistant_Title2> Core Process: </> The theme for the current round is announced at a designated time each week → Members perform fashion coordination to generate a score ranking → The top 5 scoring contestants are locked in before the match starts → Club management adjusts the entry order → 5 club-vs-club matches take place in the evening → Results and rewards are settled. \n<Assistant_Title2> Participation Requirements: </> The club must meet division/level requirements, and members must be official members; substitute members cannot participate. \n<Assistant_Title2> Recommended Searches: </>{SendAnswer:[Phantom of the Opera - Coordination Rules]|910}, {SendAnswer:[Phantom of the Opera - Matches and Rewards]|911}	
551	<Assistant_Title1>【歌颂者】</>\n<Assistant_Title2>描述：</>默认展台表情贴纸\n<Assistant_Title2>使用：</>可点击<Assistant_System>外观-展台</>查看并使用。\n<Assistant_Title2>获取：</>默认解锁	<Assistant_Title1>【Bard】</>\n<Assistant_Title2>Description: </>Default display stand sticker\n<Assistant_Title2>Usage: </>You can click <Assistant_System>Appearance - Display Stand</> to view and use it.\n<Assistant_Title2>Acquisition: </>Unlocked by default.	
552	<Assistant_Title1>【死亡咏叹】</>\n<Assistant_Title2>任务类型：</><Assistant_Property2>支线</>\n<Assistant_Title2>任务描述：</>黑荆棘安保公司接到一桩复杂的寻人委托，弗莱希望你加入一起调查。\n<Assistant_Title2>领取方式：</>扮演等级达到<Assistant_Red>61级</>后，在任务栏可接取支线任务。\n<Assistant_Title2>任务奖励</>：绑定金镑、金纺线、绑定苏勒、认知经验、腰饰【永暗蜡烛】	<Assistant_Title1> [Death's Lament] </> \n <Assistant_Title2> Quest Type: </> <Assistant_Property2> Side Quest </> \n <Assistant_Title2> Quest Description: </> The Blackthorn Security Company has received a complex missing person commission. Frye wants you to join the investigation. \n <Assistant_Title2> How to Accept: </> After reaching <Assistant_Red> Level 61 </> in Acting Level, you can accept the side quest in the quest log. \n <Assistant_Title2> Quest Rewards </>: Bound Gold Pounds, Gold Thread, Bound Soles, Cognition EXP, Waist Ornament [Eternal Darkness Candle]	
553	<Assistant_Title1>【死亡咏叹】</>\n<Assistant_Title2>任务类型：</><Assistant_Property2>支线</>\n<Assistant_Title2>任务描述：</>黑荆棘安保公司接到一桩复杂的寻人委托，弗莱希望你加入一起调查。\n<Assistant_Title2>领取方式：</>扮演等级达到<Assistant_Red>61级</>后，在任务栏可接取支线任务。\n<Assistant_Title2>任务说明：</>在跟随烛光的指引前进步骤中，第一个烛火坐标{Location:[冥界之门(33663,61051)]|33663;61051;145;2;5231160;0}，第二个烛火坐标{Location:[冥界之门(31670,63540)]|31670;63540;453;2;5231160;0}，第三个烛火坐标{Location:[冥界之门(33690,66955)]|33690;66955;343;2;5231160;0}，第四个烛火坐标{Location:[冥界之门(38130,66653)]|38130;66653;400;2;5231160;0}，第五个烛火坐标{Location:[冥界之门(45100,66387)]|45100;66387;380;2;5231160;0}。\n<Assistant_Title2>任务奖励：</>绑定金镑、金纺线、绑定苏勒、认知经验、腰饰【永暗蜡烛】、称号	<Assistant_Title1>【Death's Aria】</>\n<Assistant_Title2>Quest Type: </><Assistant_Property2>Side Quest</>\n<Assistant_Title2>Quest Description: </>Blackthorn Security Company has received a complex missing person case, and Frye hopes you will join the investigation.\n<Assistant_Title2>How to Accept: </>After your Acting level reaches <Assistant_Red>Level 61</>, you can accept this side quest in the quest log.\n<Assistant_Title2>Quest Instructions: </>During the steps of following the candlelight's guidance, the first candle coordinate {Location:[Gate of the Underworld(33663,61051)]|33663;61051;145;2;5231160;0}, the second candle coordinate {Location:[Gate of the Underworld(31670,63540)]|31670;63540;453;2;5231160;0}, the third candle coordinate {Location:[Gate of the Underworld(33690,66955)]|33690;66955;343;2;5231160;0}, the fourth candle coordinate {Location:[Gate of the Underworld(38130,66653)]|38130;66653;400;2;5231160;0}, the fifth candle coordinate {Location:[Gate of the Underworld(45100,66387)]|45100;66387;380;2;5231160;0}.\n<Assistant_Title2>Quest Rewards:</>Bound Gold Pound, Gold Thread, Bound Sol, Cognition EXP, Waist Accessory [Everdark Candle], Title	
554	<Assistant_Title1>【永夜荆棘】</>\n<Assistant_Title2>描述：</>神眷时装\n<Assistant_Title2>使用：</>使用后获得永夜荆棘套装，可点击<Assistant_System>外观-换装</>查看并使用，也可兑换为<Assistant_Red>2</>张神眷牌。\n<Assistant_Title2>获取：</>通过<Assistant_System>召唤-灵界焕容</>获得，或在<Assistant_System>美神馈赠商店</>中使用<Assistant_Red>2</>张神眷牌兑换	<Assistant_Title1>【Evernight Thorns】</>\n<Assistant_Title2>Description:</>God-Favored Outfit\n<Assistant_Title2>Use:</>After use, obtain the Evernight Thorns set; you can click <Assistant_System>Appearance-Change Outfit</> to view and use it, or exchange it for <Assistant_Red>2</> God-Favored Cards.\n<Assistant_Title2>Acquisition:</>Obtained via <Assistant_System>Summon-Spirit World Renewal</>, or exchanged in the <Assistant_System>Gifts of the Beauty God Shop</> using <Assistant_Red>2</> God-Favored Cards	
555	<Assistant_Title1>【永宁圣堂】</>\n<Assistant_Title2>描述：</>风尚回廊展台场景\n<Assistant_Title2>使用：</>使用后获得展台场景永宁圣堂，可点击<Assistant_System>外观-展台</>查看并使用。\n<Assistant_Title2>获取：</><Assistant_System>风尚回廊</>收集进度解锁	<Assistant_Title1>【Evernight Sanctuary】</>\n<Assistant_Title2>Description: </>Fashion Corridor display stand scene\n<Assistant_Title2>Usage: </>After use, you will obtain the Evernight Sanctuary display scene. You can click <Assistant_System>Appearance - Display Stand</> to view and use it.\n<Assistant_Title2>Acquisition: </>Unlock via <Assistant_System>Fashion Corridor</> collection progress.	
556	<Assistant_Title1>【永恒之梦】</>\n<Assistant_Title2>描述：</>小程序签到奖励饰品\n<Assistant_Title2>使用：</>使用后获得永恒之梦，可点击<Assistant_System>外观-换装</>查看并使用。\n<Assistant_Title2>获取：</>小程序签到获取	<Assistant_Title1>【Eternal Dream】</>\n<Assistant_Title2>Description: </>Mini-program check-in reward accessory.\n<Assistant_Title2>Usage: </>Use to obtain Eternal Dream. You can view and equip it by clicking <Assistant_System>Appearance - Outfits</>.\n<Assistant_Title2>Acquisition: </>Obtained via mini-program check-in.	
557	<Assistant_Title1>【永暗蜡烛】</>\n<Assistant_Title2>描述：</>剧情奖励饰品\n<Assistant_Title2>使用：</>使用后获得永暗蜡烛，可点击<Assistant_System>外观-换装</>查看并使用。\n<Assistant_Title2>获取：</>通过阿兹克支线获取	<Assistant_Title1>【Everdark Candle】</>\n<Assistant_Title2>Description: </>Plot Reward Accessory\n<Assistant_Title2>Usage: </>After use, you will obtain the Everdark Candle. You can click <Assistant_System>Appearance - Dress Up</> to view and use it. \n<Assistant_Title2>Obtain: </>Obtained via the Azik side quest	
558	<Assistant_Title1>【沉眠】</>\n<Assistant_Title2>描述：</>商城直售时装\n<Assistant_Title2>使用：</>商城购买后获得沉眠套装，可点击<Assistant_System>外观-换装</>查看并使用。\n<Assistant_Title2>获取：</>通过<Assistant_System>商城</>获取	<Assistant_Title1>【Slumber】</>\n<Assistant_Title2>Description: </>Store Direct-Purchase Fashion\n<Assistant_Title2>Usage: </>After purchasing in the store, you will obtain the Slumber set. You can click <Assistant_System>Appearance - Dress Up</> to view and use it. \n<Assistant_Title2>Obtain: </>Obtained via <Assistant_System>Store</>	
559	<Assistant_Title1>【洞察之瞳】</>\n<Assistant_Title2>描述：</>商城直售饰品\n<Assistant_Title2>使用：</>商城购买后获得洞察之瞳，可点击<Assistant_System>外观-换装</>查看并使用。\n<Assistant_Title2>获取：</>通过<Assistant_System>商城</>获取	<Assistant_Title1>【Eye of Insight】</>\n<Assistant_Title2>Description: </>Store Direct-purchase Accessory\n<Assistant_Title2>Usage: </>After purchasing in the store, you will obtain the Eye of Insight. You can click <Assistant_System>Appearance - Change Outfit</> to view and use it. \n<Assistant_Title2>Acquisition: </>Obtained via <Assistant_System>Store</>	
560	<Assistant_Title1>【洞悉】</>\n<Assistant_Title2>描述：</>创角发型\n<Assistant_Title2>使用：</>创角后获得洞悉，可点击<Assistant_System>外观-换装</>查看并使用。\n<Assistant_Title2>获取：</>创角时可选择获取一款发型，剩余发型后续可通过<Assistant_System>商城</>获取	<Assistant_Title1>【Insight】</>\n<Assistant_Title2>Description: </>Character creation hairstyle.\n<Assistant_Title2>Usage: </>Obtain Insight after character creation. You can view and equip it by clicking <Assistant_System>Appearance - Outfits</>.\n<Assistant_Title2>Acquisition: </>Choose one hairstyle during character creation; remaining hairstyles can be obtained later via <Assistant_System>Shop</>.	
561	<Assistant_Title1>【浮光】</>\n<Assistant_Title2>描述：</>创角发型\n<Assistant_Title2>使用：</>创角后获得浮光，可点击<Assistant_System>外观-换装</>查看并使用。\n<Assistant_Title2>获取：</>创角时可选择获取一款发型，剩余发型后续可通过<Assistant_System>商城</>获取	<Assistant_Title1>【Floating Light】</>\n<Assistant_Title2>Description: </>Character creation hairstyle.\n<Assistant_Title2>Usage: </>Obtain Floating Light after character creation. You can view and equip it by clicking <Assistant_System>Appearance - Outfits</>.\n<Assistant_Title2>Acquisition: </>Choose one hairstyle during character creation; remaining hairstyles can be obtained later via <Assistant_System>Shop</>.	
562	<Assistant_Title1>【浮光】</>\n<Assistant_Title2>描述：</>默认展台场景\n<Assistant_Title2>使用：</>可点击<Assistant_System>外观-展台</>查看并使用。\n<Assistant_Title2>获取：</>默认解锁	<Assistant_Title1>【Floating Light】</>\n<Assistant_Title2>Description: </>Default display stand scene\n<Assistant_Title2>Usage: </>You can click <Assistant_System>Appearance - Display Stand</> to view and use it.\n<Assistant_Title2>Acquisition: </>Unlocked by default.	
563	<Assistant_Title1>【深渊凝视】</>\n<Assistant_Title2>描述：</>玩法奖励饰品\n<Assistant_Title2>使用：</>使用后获得深渊凝视，可点击<Assistant_System>外观-换装</>查看并使用。\n<Assistant_Title2>获取：</>通过<Assistant_System>玩法-公会</>获取	<Assistant_Title1> [Abyss Gaze] </>\n<Assistant_Title2> Description: </> Gameplay reward accessory \n<Assistant_Title2> Use: </> After use, obtain Abyss Gaze; click <Assistant_System> Appearance - Change Outfit </> to view and use. \n<Assistant_Title2> Acquisition: </> Obtained via <Assistant_System> Gameplay - Club </>	
564	<Assistant_Title1>【灰雾之上】</>\n<Assistant_Title2>任务类型：</><Assistant_Property2>原著主线</>\n<Assistant_Title2>任务描述：</>关于这枚古怪的金币，似乎还有别的秘密……\n<Assistant_Title2>领取方式：</>第一赛季第一天解锁。扮演等级达到<Assistant_Red>20级</>后自动接取。\n<Assistant_Title2>任务奖励</>：认知经验、绑定苏勒、绑定金镑、历史明灯	<Assistant_Title1>【Above the Gray Fog】</>\n<Assistant_Title2>Quest Type: </><Assistant_Property2>Original Main Story </>\n<Assistant_Title2>Quest Description: </>Regarding this strange gold coin, there seem to be other secrets... \n<Assistant_Title2>How to Accept: </>Unlocked on the first day of the first season. Automatically accepted after reaching <Assistant_Red>Acting Level 20</>. \n<Assistant_Title2>Quest Rewards</>: Cognition EXP, Bound Soule, Bound Gold Pound, Historical Beacon	
565	<Assistant_Title1>【灵界浮蝶】</>\n<Assistant_Title2>描述：</>风尚回廊饰品\n<Assistant_Title2>使用：</>使用后获得灵界浮蝶，可点击<Assistant_System>外观-换装</>查看并使用。\n<Assistant_Title2>获取：</><Assistant_System>风尚回廊</>收集进度解锁	<Assistant_Title1>【Spirit World Floating Butterfly】</>\n<Assistant_Title2>Description: </>Fashion Corridor accessory\n<Assistant_Title2>Usage: </>After use, you will obtain the Spirit World Floating Butterfly. You can click <Assistant_System>Appearance - Change Outfit</> to view and use it.\n<Assistant_Title2>Acquisition: </>Unlock via <Assistant_System>Fashion Corridor</> collection progress.	
566	<Assistant_Title1>【灵视】</>\n<Assistant_Title2>1.功能：</>灵视可帮助你发现探索过程中隐藏的重要信息，包括宝箱、任务线索及可交互的解谜点。\n<Assistant_Title2>2.操作：</>探索过程中，点击灵视按钮即可进入灵视状态。\n<Assistant_Title2>3.适用场景：</>探索地图、寻找宝箱、追踪任务目标或解开场景机关时，都可以使用灵视辅助探索。\n<Assistant_Title1>【温馨提示】</>\n遇到找不到目标、无法继续探索或怀疑附近存在隐藏内容时，不妨开启灵视查看周围环境。	<Assistant_Title1>【Spirit Vision】</>\n<Assistant_Title2>1. Function: </>Spirit Vision helps you discover important hidden information during exploration, including treasure chests, quest clues, and interactive puzzle points. \n<Assistant_Title2>2. Operation: </>During exploration, tap the Spirit Vision button to enter the Spirit Vision state. \n<Assistant_Title2>3. Applicable Scenarios: </>You can use Spirit Vision to assist exploration when exploring maps, searching for treasure chests, tracking quest targets, or solving environmental mechanisms. \n<Assistant_Title1>【Warm Tips】</>\nIf you encounter trouble finding targets, cannot continue exploring, or suspect hidden content nearby, try activating Spirit Vision to check the surrounding environment.	
567	<Assistant_Title1>【烈日沙】</>\n<Assistant_Title2>描述：</>神眷时装\n<Assistant_Title2>使用：</>使用后获得烈日沙套装，可点击<Assistant_System>外观-换装</>查看并使用。\n<Assistant_Title2>获取：</>通过<Assistant_System>召唤-星灵奇装</>获得	<Assistant_Title1>【Blazing Sun Sand】</>\n<Assistant_Title2>Description: </>God-favored Outfit\n<Assistant_Title2>Usage: </>After use, you will obtain the Blazing Sun Sand set. You can click <Assistant_System>Appearance - Change Outfit</> to view and use it. \n<Assistant_Title2>Acquisition: </>Obtained via <Assistant_System>Summon - Astral Wonders</>	
568	<Assistant_Title1>【焕然衣新】</>\n<Assistant_Title2>描述：</>创角时装\n<Assistant_Title2>使用：</>创角后获得焕然衣新套装，可点击<Assistant_System>外观-换装</>查看并使用。\n<Assistant_Title2>获取：</>创角后自动获得	<Assistant_Title1>【Fresh Look】</>\n<Assistant_Title2>Description: </>Character creation outfit.\n<Assistant_Title2>Usage: </>Obtain the Fresh Look outfit after character creation. You can view and equip it by clicking <Assistant_System>Appearance - Outfits</>.\n<Assistant_Title2>Acquisition: </>Automatically obtained after character creation.	
569	<Assistant_Title1>【特剪·剧中】</>\n<Assistant_Title2>描述：</>神眷发型\n<Assistant_Title2>使用：</>使用后获得特剪·剧中，可点击<Assistant_System>外观-换装</>查看并使用。\n<Assistant_Title2>获取：</><Assistant_System>召唤-星灵奇装累计召唤解锁	<Assistant_Title1> [Special Cut - In Play] </>\n<Assistant_Title2> Description: </> God's Favor Hairstyle \n<Assistant_Title2> Use: </> After use, obtain Special Cut - In Play; click <Assistant_System> Appearance - Change Outfit </> to view and use. \n<Assistant_Title2> Acquisition: </><Assistant_System> Unlocked via cumulative summons in Summon - Astral Strange Attire	
570	<Assistant_Title1>【特剪·烈日】</>\n<Assistant_Title2>描述：</>神眷发型\n<Assistant_Title2>使用：</>使用后获得特剪·烈日，可点击<Assistant_System>外观-换装</>查看并使用。\n<Assistant_Title2>获取：</><Assistant_System>召唤-星灵奇装累计召唤200次解锁	<Assistant_Title1>【Special Cut: Blazing Sun】</>\n<Assistant_Title2>Description: </>God-favored Hairstyle\n<Assistant_Title2>Usage: </>After use, you will obtain the Special Cut: Blazing Sun. You can click <Assistant_System>Appearance-Change Outfit</> to view and use it.\n<Assistant_Title2>Acquisition: </><Assistant_System>Unlock by accumulating 200 Summons in the Astral Spirit Costume Summon.	
571	<Assistant_Title1>【特剪·烈日】</>\n<Assistant_Title2>描述：</>神眷发型\n<Assistant_Title2>使用：</>使用后获得特剪·烈日，可点击<Assistant_System>外观-换装</>查看并使用。\n<Assistant_Title2>获取：</><Assistant_System>召唤-星灵奇装累计召唤解锁	<Assistant_Title1> [Special Cut - Scorching Sun] </>\n<Assistant_Title2> Description: </> God's Favor Hairstyle \n<Assistant_Title2> Use: </> After use, obtain Special Cut - Scorching Sun; click <Assistant_System> Appearance - Change Outfit </> to view and use. \n<Assistant_Title2> Acquisition: </><Assistant_System> Unlocked via cumulative summons in Summon - Astral Strange Attire	
572	<Assistant_Title1>【玫瑰藤杖】</>\n<Assistant_Title2>描述：</>星币池饰品\n<Assistant_Title2>使用：</>使用后获得玫瑰藤杖，可点击<Assistant_System>外观-换装</>查看并使用。\n<Assistant_Title2>获取：</>通过<Assistant_System>召唤-星灵奇装</>获得	<Assistant_Title1>【Rose Vine Staff】</>\n<Assistant_Title2>Description: </>Star Coin Pool Accessory\n<Assistant_Title2>Usage: </>After use, you will obtain the Rose Vine Staff. You can click <Assistant_System>Appearance - Change Outfit</> to view and use it. \n<Assistant_Title2>Acquisition: </>Obtained via <Assistant_System>Summon - Astral Wonders</>	
573	<Assistant_Title1>【玫色星心·头部】</>\n<Assistant_Title2>描述：</>风尚回廊饰品\n<Assistant_Title2>使用：</>使用后获得玫色星心·头部，可点击<Assistant_System>外观-换装</>查看并使用。\n<Assistant_Title2>获取：</><Assistant_System>风尚回廊</>收集进度解锁	<Assistant_Title1>【Rose Star Heart - Head】</>\n<Assistant_Title2>Description: </>Fashion Corridor Accessory\n<Assistant_Title2>Use: </>Use to obtain Rose Star Heart - Head. You can view and equip it by clicking <Assistant_System>Appearance - Dress Up</>.\n<Assistant_Title2>Acquisition: </><Assistant_System>Fashion Corridor</> collection progress unlock	
574	<Assistant_Title1>【玫色星心·手腕】</>\n<Assistant_Title2>描述：</>风尚回廊饰品\n<Assistant_Title2>使用：</>使用后获得玫色星心·手腕，可点击<Assistant_System>外观-换装</>查看并使用。\n<Assistant_Title2>获取：</><Assistant_System>风尚回廊</>收集进度解锁	<Assistant_Title1>【Rose Star Heart - Wrist】</>\n<Assistant_Title2>Description: </>Fashion Corridor Accessory\n<Assistant_Title2>Use: </>Use to obtain Rose Star Heart - Wrist. You can view and equip it by clicking <Assistant_System>Appearance - Dress Up</>.\n<Assistant_Title2>Acquisition: </><Assistant_System>Fashion Corridor</> collection progress unlock	
575	<Assistant_Title1>【甜狒萌意】</>\n<Assistant_Title2>描述：</>商城直售武器外观\n<Assistant_Title2>使用：</>商城购买后获得甜狒萌意，可点击<Assistant_System>外观-武器</>查看并使用。\n<Assistant_Title2>获取：</>通过<Assistant_System>商城</>获取	<Assistant_Title1>【Sweet Baboon Cuteness】</>\n<Assistant_Title2>Description: </>Shop Direct-Purchase Weapon Appearance\n<Assistant_Title2>Usage: </>Purchase in the shop to obtain the Sweet Baboon Cuteness. You can click <Assistant_System>Appearance - Weapon</> to view and use it.\n<Assistant_Title2>Acquisition: </>Obtained via <Assistant_System>Shop</>	
576	<Assistant_Title1>【生气】</>\n<Assistant_Title2>描述：</>默认展台表情\n<Assistant_Title2>使用：</>可点击<Assistant_System>外观-展台</>查看并使用。\n<Assistant_Title2>获取：</>默认解锁	<Assistant_Title1>【Angry】</>\n<Assistant_Title2>Description: </>Default display stand expression.\n<Assistant_Title2>Usage: </>You can view and use it by clicking <Assistant_System>Appearance - Display Stand</>.\n<Assistant_Title2>Acquisition: </>Unlocked by default.	
577	<Assistant_Title1>【白崖冬夜】</>\n<Assistant_Title2>描述：</>商城直售时装\n<Assistant_Title2>使用：</>商城购买后获得白崖冬夜套装，可点击<Assistant_System>外观-换装</>查看并使用。\n<Assistant_Title2>获取：</>通过<Assistant_System>商城</>获取	<Assistant_Title1>【White Cliff Winter Night】</>\n<Assistant_Title2>Description: </>Shop Direct-Purchase Outfit\n<Assistant_Title2>Usage: </>Purchase in the shop to obtain the White Cliff Winter Night outfit. You can click <Assistant_System>Appearance - Change Outfit</> to view and use it.\n<Assistant_Title2>Acquisition: </>Obtained via <Assistant_System>Shop</>	
578	<Assistant_Title1>【盛放的等待】</>\n<Assistant_Title2>描述：</>风尚回廊饰品\n<Assistant_Title2>使用：</>使用后获得盛放的等待，可点击<Assistant_System>外观-换装</>查看并使用。\n<Assistant_Title2>获取：</><Assistant_System>风尚回廊</>收集进度解锁	<Assistant_Title1>【Blooming Waiting】</>\n<Assistant_Title2>Description: </>Fashion Gallery Accessory\n<Assistant_Title2>Usage: </>After use, you will obtain the Blooming Waiting. You can click <Assistant_System>Appearance - Change Outfit</> to view and use it. \n<Assistant_Title2>Acquisition: </>Unlocked via <Assistant_System>Fashion Gallery</> collection progress	
579	<Assistant_Title1>【盛装舞步】</>\n<Assistant_Title2>描述：</>家族时装\n<Assistant_Title2>使用：</>使用后获得盛装舞步套装，可点击<Assistant_System>外观-换装</>查看并使用。\n<Assistant_Title2>获取：</>通过<Assistant_System>玩法-家族</>获得	<Assistant_Title1>【Grand Waltz】</>\n<Assistant_Title2>Description: </>Family Outfit\n<Assistant_Title2>Usage: </>After use, you will obtain the Grand Waltz set. You can click <Assistant_System>Appearance - Change Outfit</> to view and use it. \n<Assistant_Title2>Acquisition: </>Obtained via <Assistant_System>Gameplay - Family</>	
580	<Assistant_Title1>【真视水晶球】</>\n<Assistant_Title2>描述：</>竞技玩法奖励展台组件\n<Assistant_Title2>使用：</>使用后获得真视水晶球，可点击<Assistant_System>外观-展台</>查看并使用。\n<Assistant_Title2>获取：</>通过<Assistant_System>商城-百货-凯旋商店</>使用凯旋徽章兑换	<Assistant_Title1>【True Sight Crystal Ball】</>\n<Assistant_Title2>Description: </>Display stand component rewarded for Competition gameplay\n<Assistant_Title2>Usage: </>After use, you will obtain the True Sight Crystal Ball. You can click <Assistant_System>Appearance - Display Stand</> to view and use it.\n<Assistant_Title2>Acquisition: </>Exchange using Triumph Badges in the <Assistant_System>Mall - General Goods - Triumph Shop</>.	
581	<Assistant_Title1>【睡莲镇漫游指南】</>\n<Assistant_Title2>任务类型：</><Assistant_Property2>时代逸闻</>\n<Assistant_Title2>任务描述：</>睡莲小镇欢迎你。\n<Assistant_Title2>领取方式：</>扮演等级达到<Assistant_Red>64级</>后，前往{Location:[睡莲小镇(134,-14)]|3733;-11328;-3242;2;5200052;0}，<Assistant_Red>翻阅笔记</>接取任务\n<Assistant_Title2>任务奖励</>：认知经验、发票单据、冒险勋章、世界冒险秘宝进度	<Assistant_Title1>【Water Lily Town Roaming Guide】</>\n<Assistant_Title2>Quest Type: </><Assistant_Property2>Era Anecdotes</>\n<Assistant_Title2>Quest Description: </>Water Lily Town welcomes you.\n<Assistant_Title2>How to Accept: </>After reaching Acting Level <Assistant_Red>64</>, head to {Location:[Water Lily Town (134, -14)]|3733;-11328;-3242;2;5200052;0} and <Assistant_Red>read the notes</> to accept the quest.\n<Assistant_Title2>Quest Rewards</>: Cognition EXP, Invoices, Adventure Medals, World Adventure Treasure progress	
582	<Assistant_Title1>【瞭望者】</>\n<Assistant_Title2>描述：</>竞技玩法奖励展台组件\n<Assistant_Title2>使用：</>使用后获得瞭望者，可点击<Assistant_System>外观-展台</>查看并使用。\n<Assistant_Title2>获取：</>通过<Assistant_System>商城-百货-凯旋商店</>使用凯旋徽章兑换	<Assistant_Title1>【Watcher】</>\n<Assistant_Title2>Description: </>Display stand component rewarded for Competition gameplay\n<Assistant_Title2>Usage: </>After use, you will obtain the Watcher. You can click <Assistant_System>Appearance - Display Stand</> to view and use it.\n<Assistant_Title2>Acquisition: </>Exchange using Triumph Badges in the <Assistant_System>Mall - General Goods - Triumph Shop</>.	
583	<Assistant_Title1>【知识过载】</>\n<Assistant_Title2>描述：</>世界冒险玩法奖励饰品\n<Assistant_Title2>使用：</>使用后获得知识过载，可点击<Assistant_System>外观-换装</>查看并使用。\n<Assistant_Title2>获取：</>通过<Assistant_System>商城-百货-冒险商店</>使用冒险勋章兑换	<Assistant_Title1>【Knowledge Overload】</>\n<Assistant_Title2>Description: </>World Adventure gameplay reward accessory.\n<Assistant_Title2>Usage: </>Use to obtain Knowledge Overload. You can view and equip it by clicking <Assistant_System>Appearance - Outfits</>.\n<Assistant_Title2>Acquisition: </>Exchange using Adventure Medals in <Assistant_System>Shop - General Goods - Adventure Shop</>.	
584	<Assistant_Title1>【社交·喝咖啡】</>\n<Assistant_Title2>描述：</>每周玩法奖励动作\n<Assistant_Title2>使用：</>使用后获得社交·喝咖啡，可点击<Assistant_System>动作表情</>查看并使用。\n<Assistant_Title2>获取：</>通过<Assistant_System>商城-百货-报销商店</>使用发票单据兑换	<Assistant_Title1>【Social·Drinking Coffee】</>\n<Assistant_Title2>Description: </>Weekly Gameplay Reward Action\n<Assistant_Title2>Usage: </>After use, you will obtain Social·Drinking Coffee. You can click <Assistant_System>Action Emotes</> to view and use it.\n<Assistant_Title2>Acquisition: </>Obtained via <Assistant_System>Shop-General Merchandise-Reimbursement Shop</> using invoice receipts to redeem	
585	<Assistant_Title1>【社交·炫富】</>\n<Assistant_Title2>描述：</>每周玩法奖励动作\n<Assistant_Title2>使用：</>使用后获得社交·炫富，可点击<Assistant_System>动作表情</>查看并使用。\n<Assistant_Title2>获取：</>通过<Assistant_System>商城-百货-报销商店</>使用发票单据兑换	<Assistant_Title1>【Social·Showing Off Wealth】</>\n<Assistant_Title2>Description: </>Weekly Gameplay Reward Action\n<Assistant_Title2>Usage: </>After use, you will obtain Social·Showing Off Wealth. You can click <Assistant_System>Action Emotes</> to view and use it.\n<Assistant_Title2>Acquisition: </>Obtained via <Assistant_System>Shop-General Merchandise-Reimbursement Shop</> using invoice receipts to redeem	
586	<Assistant_Title1>【社交赠礼】</>\n<Assistant_Title2>系统入口：</>在<Assistant_System>商场 - 形象铭刻 - 社交人气</>中可以消耗绑定金镑和非绑金镑，购买社交礼物，赠送给好友或其他玩家。\n<Assistant_Title2>好友赠礼：</>在<Assistant_System>好友私聊 - 右下角赠礼</>可以赠送好友度礼物，赠送后会增加双方好友度。\n<Assistant_Title2>个人主页赠礼：</>在<Assistant_System>个人主页 - 右下角赠礼</>可以赠送主页礼物，赠送后会增加对方的个人主页名望值。若双方是好友关系，则会额外增加好友度。\n<Assistant_Title2>语音房赠礼：</>在<Assistant_System>语音房 - 点击玩家头像 - 语音房赠礼</>可以赠送语音房礼物，赠送后会增加当前语音房间热度和对方的个人主页名望值。\n<Assistant_Title3>推荐搜索：</>{SendAnswer:[好友-好友度]|1410}	<Assistant_Title1>【Social Gifts】</>\n<Assistant_Title2>System Entry: </>In <Assistant_System>Mall - Image Inscription - Social Popularity</>, you can spend Bound Pounds and Unbound Pounds to purchase social gifts to give to friends or other players.\n<Assistant_Title2>Friend Gifts: </>In <Assistant_System>Friend Chat - Gift in the bottom right corner</>, you can send friendship gifts, which will increase the friendship level between both parties.\n<Assistant_Title2>Personal Homepage Gifts: </>In <Assistant_System>Personal Homepage - Gift in the bottom right corner</>, you can send homepage gifts, which will increase the recipient's personal homepage fame. If both parties are friends, it will additionally increase the friendship level.\n<Assistant_Title2>Voice Room Gifts: </>In <Assistant_System>Voice Room - Click Player Avatar - Voice Room Gift</>, you can send voice room gifts, which will increase the current voice room's popularity and the recipient's personal homepage fame.\n<Assistant_Title3>Recommended Search: </>{SendAnswer:[Friend-Friendship]|1410}	
587	<Assistant_Title1>【神灯之冠】</>\n<Assistant_Title2>描述：</>世界冒险玩法奖励饰品\n<Assistant_Title2>使用：</>使用后获得神灯之冠，可点击<Assistant_System>外观-换装</>查看并使用。\n<Assistant_Title2>获取：</>通过<Assistant_System>商城-百货-冒险商店</>使用冒险勋章兑换	<Assistant_Title1>【Genie's Crown】</>\n<Assistant_Title2>Description: </>Accessory rewarded for World Adventure gameplay\n<Assistant_Title2>Usage: </>After use, you will obtain the Genie's Crown. You can click <Assistant_System>Appearance - Change Outfit</> to view and use it.\n<Assistant_Title2>Acquisition: </>Exchange using Adventure Medals in the <Assistant_System>Mall - General Goods - Adventure Shop</>.	
588	<Assistant_Title1>【神秘硬皮笔记】</>\n<Assistant_Title2>描述：</>商城直售饰品\n<Assistant_Title2>使用：</>商城购买后获得神秘硬皮笔记，可点击<Assistant_System>外观-换装</>查看并使用。\n<Assistant_Title2>获取：</>通过<Assistant_System>商城</>获取	<Assistant_Title1>【Mysterious Hardcover Notebook】</>\n<Assistant_Title2>Description:</>Store Direct Purchase Accessory\n<Assistant_Title2>Use:</>After purchasing from the store, obtain the Mysterious Hardcover Notebook; you can click <Assistant_System>Appearance-Change Outfit</> to view and use it.\n<Assistant_Title2>Acquisition:</>Obtained via <Assistant_System>Store</>	
589	<Assistant_Title1>【秘藏学者】</>\n<Assistant_Title2>描述：</>人脉玩法奖励时装\n<Assistant_Title2>使用：</>使用后获得秘藏学者套装，可点击<Assistant_System>外观-换装</>查看并使用。\n<Assistant_Title2>获取：</>通过<Assistant_System>商城-百货-往事陈列馆</>使用记忆珍匣兑换	<Assistant_Title1>【Hidden Scholar】</>\n<Assistant_Title2>Description: </>Connection gameplay reward outfit\n<Assistant_Title2>Use: </>Use to obtain the Hidden Scholar set. You can view and equip it by clicking <Assistant_System>Appearance - Dress Up</>.\n<Assistant_Title2>Acquisition: </>Obtained via <Assistant_System>Mall - General Goods - Past Exhibition Hall</>, redeem using Memory Treasure Boxes	
590	<Assistant_Title1>【穹星】</>\n<Assistant_Title2>描述：</>神眷翅膀\n<Assistant_Title2>使用：</>使用后获得穹星，可点击<Assistant_System>外观-换装-翅膀</>查看并使用。\n<Assistant_Title2>获取：</><Assistant_System>召唤-灵界焕容-美神馈赠商店</>中使用<Assistant_Red>2</>张神眷牌兑换	<Assistant_Title1>【Dome Star】</>\n<Assistant_Title2>Description: </>God-favored Wings\n<Assistant_Title2>Usage: </>After use, you will obtain the Dome Star. You can click <Assistant_System>Appearance - Change Outfit - Wings</> to view and use it. \n<Assistant_Title2>Acquisition: </>Exchange using <Assistant_Red>2</> God-favored Cards in the <Assistant_System>Summon - Spirit World Transformation - Goddess's Gift Shop</>	
591	<Assistant_Title1>【竞技事件】</>\n<Assistant_Title2>介绍：</>竞技事件包含资源争夺与追逐竞速等玩法。与其他玩家同场竞技，根据最终排名获得对应奖励\n<Assistant_Title2>开启规则：</>\n1.完成指定前置剧情事件。\n2.每日固定时间开启。\n<Assistant_Title2>助手建议：</>\n1.建议提前关注开启时间。\n2.竞技挑战拥有名次奖励，名次排行越高，获得奖励越丰厚。	<Assistant_Title1>【Competition Event】</>\n<Assistant_Title2>Introduction: </>Competition Events include modes such as Resource Contention and Racing. Compete in the same arena with other players and receive rewards based on your final ranking. \n<Assistant_Title2>Unlock Rules: </>\n1. Complete the specified prerequisite Story Event. \n2. Opens at fixed times daily. \n<Assistant_Title2>Assistant's Advice: </>\n1. It is recommended to pay attention to the opening times in advance. \n2. Competition challenges have ranking rewards; the higher your rank, the more generous the rewards.	
592	<Assistant_Title1>【童话茶会】</>\n<Assistant_Title2>描述：</>商城直售时装\n<Assistant_Title2>使用：</>商城购买后获得童话茶会套装，可点击<Assistant_System>外观-换装</>查看并使用。\n<Assistant_Title2>获取：</>通过<Assistant_System>商城</>获取	<Assistant_Title1>【Fairy Tale Tea Party】</>\n<Assistant_Title2>Description: </>Shop Direct-Purchase Outfit\n<Assistant_Title2>Usage: </>Purchase in the shop to obtain the Fairy Tale Tea Party outfit. You can click <Assistant_System>Appearance - Change Outfit</> to view and use it.\n<Assistant_Title2>Acquisition: </>Obtained via <Assistant_System>Shop</>	
593	<Assistant_Title1>【第七小组制服】</>\n<Assistant_Title2>描述：</>主线奖励时装\n<Assistant_Title2>使用：</>使用后获得第七小组制服套装，可点击<Assistant_System>外观-换装</>查看并使用。\n<Assistant_Title2>获取：</>通过<Assistant_System>剧情</>获取	<Assistant_Title1>【Seventh Group Uniform】</>\n<Assistant_Title2>Description: </>Main Quest Reward Fashion\n<Assistant_Title2>Usage: </>After use, you will obtain the Seventh Group Uniform set. You can click <Assistant_System>Appearance - Dress Up</> to view and use it. \n<Assistant_Title2>Obtain: </>Obtained via <Assistant_System>Plot</>	
594	<Assistant_Title1>【第九军装】</>\n<Assistant_Title2>描述：</>竞技玩法奖励时装\n<Assistant_Title2>使用：</>使用后获得第九军装套装，可点击<Assistant_System>外观-换装</>查看并使用。\n<Assistant_Title2>获取：</>通过<Assistant_System>商城-百货-凯旋商店</>使用凯旋徽章兑换	<Assistant_Title1>【Ninth Uniform】</>\n<Assistant_Title2>Description: </>Outfit rewarded for Competition gameplay\n<Assistant_Title2>Usage: </>After use, you will obtain the Ninth Uniform set. You can click <Assistant_System>Appearance - Change Outfit</> to view and use it.\n<Assistant_Title2>Acquisition: </>Exchange using Triumph Badges in the <Assistant_System>Mall - General Goods - Triumph Shop</>.	
595	<Assistant_Title1>【第十二个】</>\n<Assistant_Title2>任务类型：</><Assistant_Property2>时代逸闻</>\n<Assistant_Title2>任务描述：</>暴风雪将至，一个自称向导的人，知道下山的捷径……\n<Assistant_Title2>领取方式：</>扮演等级达到<Assistant_Red>64级</>后，前往{Location:[霍纳奇斯山脉(294,449)]|19910;34435;652;2;5200086;0}与<Assistant_Red>男子</>对话接取任务。\n<Assistant_Title2>任务奖励</>：认知经验、发票单据、冒险勋章、世界冒险秘宝进度	<Assistant_Title1>【The Twelfth】</>\n<Assistant_Title2>Quest Type: </><Assistant_Property2>Era Anecdote</>\n<Assistant_Title2>Quest Description: </>A blizzard is approaching, and a man claiming to be a guide knows a shortcut down the mountain...\n<Assistant_Title2>How to Accept: </>After reaching Acting Level <Assistant_Red>64</>, head to {Location:[Hornacis Mountain Range (294,449)]|19910;34435;652;2;5200086;0} and speak with the <Assistant_Red>man</> to accept the quest.\n<Assistant_Title2>Quest Rewards</>: Cognitive EXP, Invoices, Adventure Medal, World Adventure Treasure Progress	
596	<Assistant_Title1>【等待戈多】</>\n<Assistant_Title2>任务类型：</><Assistant_Property2>时代逸闻</>\n<Assistant_Title2>任务描述：</>我们走吧。我们不能。我们在等待戈多。\n<Assistant_Title2>领取方式：</>扮演等级达到<Assistant_Red>65级</>后，前往{Location:[睡莲小镇(170,30)]|6801;-7084;-2854;2;5200052;0}与<Assistant_Red>艾斯特</>对话接取任务。\n<Assistant_Title2>任务奖励</>：认知经验、发票单据、冒险勋章、世界冒险秘宝进度	<Assistant_Title1>【Waiting for Godot】</>\n<Assistant_Title2>Quest Type:</><Assistant_Property2>Era Anecdote</>\n<Assistant_Title2>Quest Description:</>Let's go. We can't. We're waiting for Godot.\n<Assistant_Title2>How to Obtain:</>After reaching <Assistant_Red>Acting Level 65</>, go to {Location:[Water Lily Town (170,30)]|6801;-7084;-2854;2;5200052;0} and speak with <Assistant_Red>Ester</> to accept the quest.\n<Assistant_Title2>Quest Rewards</>: Cognitive EXP, Invoices, Adventure Medals, World Adventure Treasure Progress.	
597	<Assistant_Title1>【繁花一隅】</>\n<Assistant_Title2>描述：</>段位奖励展台贴纸\n<Assistant_Title2>使用：</>使用后获得繁花一隅，可点击<Assistant_System>外观-展台</>查看并使用。\n<Assistant_Title2>获取：</><Assistant_System>躺赢-段位天梯</>达到一定段位获取	<Assistant_Title1>【A Corner of Flowers】</>\n<Assistant_Title2>Description: </>Rank Reward Display Stand Sticker\n<Assistant_Title2>Usage: </>After use, you will obtain A Corner of Flowers. You can click <Assistant_System>Appearance-Display Stand</> to view and use it.\n<Assistant_Title2>Acquisition: </><Assistant_System>Easy Win-Ranked Ladder</>Obtained upon reaching a certain rank	
598	<Assistant_Title1>【绒绒兔耳朵】</>\n<Assistant_Title2>描述：</>组队玩法奖励饰品\n<Assistant_Title2>使用：</>使用后获得绒绒兔耳朵，可点击<Assistant_System>外观-换装</>查看并使用。\n<Assistant_Title2>获取：</>通过<Assistant_System>商城-百货-同行商店</>使用同行纹章兑换	<Assistant_Title1>【Fluffy Rabbit Ears】</>\n<Assistant_Title2>Description: </>Team gameplay reward accessory.\n<Assistant_Title2>Usage: </>Use to obtain the Fluffy Rabbit Ears. You can view and equip them by clicking <Assistant_System>Appearance - Outfits</>.\n<Assistant_Title2>Acquisition: </>Exchange using Companion Emblems in <Assistant_System>Shop - General Goods - Companion Shop</>.	
599	<Assistant_Title1>【绒绒折兔耳】</>\n<Assistant_Title2>描述：</>商城直售饰品\n<Assistant_Title2>使用：</>商城购买后获得绒绒折兔耳，可点击<Assistant_System>外观-换装</>查看并使用。\n<Assistant_Title2>获取：</>通过<Assistant_System>商城</>获取	<Assistant_Title1>【Fluffy Folded Rabbit Ears】</>\n<Assistant_Title2>Description: </>Shop Direct-Purchase Accessory\n<Assistant_Title2>Usage: </>Purchase in the shop to obtain the Fluffy Folded Rabbit Ears. You can click <Assistant_System>Appearance - Change Outfit</> to view and use it.\n<Assistant_Title2>Acquisition: </>Obtained via <Assistant_System>Shop</>	
600	<Assistant_Title1>【绒绒熊耳朵】</>\n<Assistant_Title2>描述：</>风尚回廊饰品\n<Assistant_Title2>使用：</>使用后获得绒绒熊耳朵，可点击<Assistant_System>外观-换装</>查看并使用。\n<Assistant_Title2>获取：</><Assistant_System>风尚回廊</>收集进度解锁	<Assistant_Title1>【Fluffy Bear Ears】</>\n<Assistant_Title2>Description: </>Fashion Corridor accessory.\n<Assistant_Title2>Usage: </>Use to obtain the Fluffy Bear Ears. You can view and equip them by clicking <Assistant_System>Appearance - Outfits</>.\n<Assistant_Title2>Acquisition: </><Assistant_System>Fashion Corridor</> collection progress unlock.	
601	<Assistant_Title1>【绒绒狗耳朵】</>\n<Assistant_Title2>描述：</>组队玩法奖励饰品\n<Assistant_Title2>使用：</>使用后获得绒绒狗耳朵，可点击<Assistant_System>外观-换装</>查看并使用。\n<Assistant_Title2>获取：</>通过<Assistant_System>商城-百货-同行商店</>使用同行纹章兑换	<Assistant_Title1>【Fluffy Dog Ears】</>\n<Assistant_Title2>Description: </>Team gameplay reward accessory.\n<Assistant_Title2>Usage: </>Use to obtain the Fluffy Dog Ears. You can view and equip them by clicking <Assistant_System>Appearance - Outfits</>.\n<Assistant_Title2>Acquisition: </>Exchange using Companion Emblems in <Assistant_System>Shop - General Goods - Companion Shop</>.	
602	<Assistant_Title1>【绿宝石戒指】</>\n<Assistant_Title2>描述：</>教团等级奖励饰品\n<Assistant_Title2>使用：</>使用后获得绿宝石戒指，可点击<Assistant_System>外观-换装</>查看并使用。\n<Assistant_Title2>获取：</>教团等级解锁	<Assistant_Title1>【Emerald Ring】</>\n<Assistant_Title2>Description: </>Coven level reward accessory\n<Assistant_Title2>Use: </>Use to obtain Emerald Ring. You can view and equip it by clicking <Assistant_System>Appearance - Dress Up</>.\n<Assistant_Title2>Acquisition: </>Coven level unlock	
603	<Assistant_Title1>【绿野之旅】</>\n<Assistant_Title2>描述：</>商城直售时装\n<Assistant_Title2>使用：</>商城购买后获得绿野之旅套装，可点击<Assistant_System>外观-换装</>查看并使用。\n<Assistant_Title2>获取：</>通过<Assistant_System>商城</>获取	<Assistant_Title1>【Green Field Journey】</>\n<Assistant_Title2>Description: </>Shop Direct-Purchase Outfit\n<Assistant_Title2>Usage: </>Purchase in the shop to obtain the Green Field Journey outfit. You can click <Assistant_System>Appearance - Change Outfit</> to view and use it.\n<Assistant_Title2>Acquisition: </>Obtained via <Assistant_System>Shop</>	
604	<Assistant_Title1>【缔约礼堂】</>\n<Assistant_Title2>描述：</>神眷展台\n<Assistant_Title2>使用：</>使用后获得缔约礼堂，可点击<Assistant_System>外观-展台</>查看并使用。\n<Assistant_Title2>获取：</><Assistant_System>召唤-灵界焕容-灵幻祭坛商店</>中使用灵幻牌兑换	<Assistant_Title1>【Covenant Hall】</>\n<Assistant_Title2>Description: </>God-favored Showcase\n<Assistant_Title2>Usage: </>After use, you will obtain the Covenant Hall. You can click <Assistant_System>Appearance - Showcase</> to view and use it. \n<Assistant_Title2>Acquisition: </>Exchange using Spirit Illusion Cards in the <Assistant_System>Summon - Spirit World Transformation - Spirit Illusion Altar Shop</>	
605	<Assistant_Title1>【美梦成真】</>\n<Assistant_Title2>任务类型：</><Assistant_Property2>支线</>\n<Assistant_Title2>任务描述：</>我和你在一起，就是“最佳搭档”。\n<Assistant_Title2>领取方式：</>完成支线剧情《美梦成真（上）》，且扮演等级达到<Assistant_Red>42级</>后，可在任务面板手动领取\n<Assistant_Title2>任务奖励</>：认知经验、绑定苏勒、绑定金镑、金纺线、夜莺银哨、圣洁道袍	<Assistant_Title1>【Dreams Come True】</>\n<Assistant_Title2>Quest Type: </><Assistant_Property2>Side Quest</>\n<Assistant_Title2>Quest Description: </>Being with you makes us the \"best partners.\"\n<Assistant_Title2>How to Accept: </>After completing the side story \"Dreams Come True (Part 1)\" and reaching an Acting Level of <Assistant_Red>42</>, you can manually accept it in the quest panel.\n<Assistant_Title2>Quest Rewards</>: Cognition EXP, Bound Sol, Bound Gold Pound, Gold Thread, Nightingale Silver Whistle, Holy Robe	
606	<Assistant_Title1>【美梦成真】</>\n<Assistant_Title2>任务类型：</><Assistant_Property2>支线</>\n<Assistant_Title2>任务描述：</>我和你在一起，就是“最佳搭档”。\n<Assistant_Title2>领取方式：</>完成支线剧情《美梦成真（上）》，且扮演等级达到<Assistant_Red>42级</>后，可在任务面板手动领取\n<Assistant_Title2>任务奖励</>：认知经验、绑定苏勒、绑定金镑、金纺线、夜莺银哨、装备、肩饰、称号	<Assistant_Title1>【Dreams Come True】</>\n<Assistant_Title2>Quest Type: </><Assistant_Property2>Side Quest</>\n<Assistant_Title2>Quest Description: </>Being with you makes us the \"best partners.\"\n<Assistant_Title2>How to Accept: </>After completing the side story \"Dreams Come True (Part 1)\" and reaching an Acting Level of <Assistant_Red>42</>, you can manually accept it in the quest panel.\n<Assistant_Title2>Quest Rewards</>: Cognition EXP, Bound Sol, Bound Gold Pound, Gold Thread, Nightingale Silver Whistle, Equipment, Shoulder Accessory, Title	
607	<Assistant_Title1>【美梦成真】</>\n<Assistant_Title2>任务类型：</><Assistant_Property2>支线</>\n<Assistant_Title2>任务描述：</>角落里落灰的礼物盒，不知珍藏着谁的心意……\n<Assistant_Title2>领取方式：</>扮演等级达到<Assistant_Red>28级</>后，可在任务面板手动领取\n<Assistant_Title2>任务奖励</>：认知经验、绑定苏勒、绑定金镑、金纺线、装备	<Assistant_Title1>【Dreams Come True】</>\n<Assistant_Title2>Quest Type: </><Assistant_Property2>Side Quest</>\n<Assistant_Title2>Quest Description: </>A dusty gift box in the corner, holding someone's hidden feelings...\n<Assistant_Title2>How to Accept: </>Once your Acting Level reaches <Assistant_Red>28</>, you can manually accept it in the quest panel.\n<Assistant_Title2>Quest Rewards</>: Cognition EXP, Bound Sol, Bound Gold Pound, Gold Thread, Equipment	
608	<Assistant_Title1>【美梦成真】</>\n<Assistant_Title2>任务类型：</><Assistant_Property2>支线</>\n<Assistant_Title2>任务描述：</>角落里落灰的礼物盒，不知珍藏着谁的心意……\n<Assistant_Title2>领取方式：</>扮演等级达到<Assistant_Red>28级</>后，可在任务面板手动领取\n<Assistant_Title2>任务奖励</>：认知经验、绑定苏勒、绑定金镑、金纺线、解读护符	<Assistant_Title1>【Dreams Come True】</>\n<Assistant_Title2>Quest Type: </><Assistant_Property2>Side Quest</>\n<Assistant_Title2>Quest Description: </>A dusty gift box in the corner, holding someone's hidden feelings...\n<Assistant_Title2>How to Accept: </>Once your Acting Level reaches <Assistant_Red>28</>, you can manually accept it in the quest panel.\n<Assistant_Title2>Quest Rewards</>: Cognition EXP, Bound Sol, Bound Gold Pound, Gold Thread, Interpretation Charm	
609	<Assistant_Title1>【聊天-表情包】</>\n<Assistant_Title2>系统入口：</><Assistant_System>聊天-输入框旁表情按钮</>\n<Assistant_Title2>表情包：</>包含emoji表情、系统表情和自定义表情。\n<Assistant_Title2>上传自定义表情：</>在自定义表情页签，点击+按钮，可以自行上传自定义表情，审核通过后即可使用。\n<Assistant_Title2>自定义表情上限：</>自定义表情上限为50个。\n<Assistant_Title2>表情同步：</>同一个账号下的不同角色，默认同步所有表情包。\n<Assistant_Title3>推荐搜索：</>{SendAnswer:[聊天]|1413}	<Assistant_Title1>【Chat - Emoticons】</>\n<Assistant_Title2>System Access: </><Assistant_System>Chat - Emoticon button next to input box</>\n<Assistant_Title2>Emoticons: </>Includes emojis, system emoticons, and custom emoticons. \n<Assistant_Title2>Upload Custom Emoticons: </>In the Custom Emoticons tab, click the + button to upload your own; they can be used after approval. \n<Assistant_Title2>Custom Emoticon Limit: </>Limit is 50 custom emoticons. \n<Assistant_Title2>Emoticon Sync: </>All characters under the same account sync all emoticons by default. \n<Assistant_Title3>Recommended Searches: </>{SendAnswer:[Chat]|1413}	
610	<Assistant_Title1>【聊天】</>\n<Assistant_Title2>系统入口：</><Assistant_System>HUD左下角-聊天</>{JumpToUI:[【前往查看】]|1250050}\n<Assistant_Title2>聊天频道：</>可在左侧列表切换不同的频道聊天。\n<Assistant_Title2>聊天设置：</>可以通过<Assistant_System>聊天面板-下方设置按钮</>，进行聊天频道设置。在<Assistant_System>综合设置 - 聊天频道显示</>可以设置需要显示的聊天频道。在<Assistant_System>频道设置</>可以控制HUD左下角显示的聊天频道。\n<Assistant_Title2>综合频道：</>综合频道聚集了多个频道消息的信息，可以在其中进行快捷查看。在<Assistant_System>频道设置</>可以控制综合频道内包含的频道信息。\n<Assistant_Title2>聊天小窗：</>在聊天界面右下角，点击小窗按钮可打开小窗模式，小窗模式下可自由拖动小窗位置。\n<Assistant_Title3>基础功能细节规则：</>{SendAnswer:[聊天-表情包]|1414}	<Assistant_Title1>【Chat】</>\n<Assistant_Title2> System Entry: </><Assistant_System>Bottom left of HUD-Chat</>{JumpToUI:[【Go to View】]|1250050}\n<Assistant_Title2> Chat Channels: </> You can switch between different channels to chat in the list on the left. \n<Assistant_Title2> Chat Settings: </> You can perform chat channel settings via <Assistant_System>Chat Panel-Settings Button at the bottom</>. In <Assistant_System>General Settings - Chat Channel Display</>, you can set the chat channels you want to display. In <Assistant_System>Channel Settings</>, you can control the chat channels displayed in the bottom left of the HUD. \n<Assistant_Title2> General Channel: </> The General Channel gathers information from multiple channel messages, allowing for quick viewing. In <Assistant_System>Channel Settings</>, you can control the channel information included in the General Channel. \n<Assistant_Title2> Chat Mini-Window: </> In the chat interface, click the mini-window button in the bottom right to open mini-window mode; in mini-window mode, you can freely drag the window position. \n<Assistant_Title3> Basic Function Detail Rules: </>{SendAnswer:[Chat-Emoticons]|1414}	
611	<Assistant_Title1>【肃整】</>\n<Assistant_Title2>描述：</>创角发型\n<Assistant_Title2>使用：</>创角后获得肃整，可点击<Assistant_System>外观-换装</>查看并使用。\n<Assistant_Title2>获取：</>创角时可选择获取一款发型，剩余发型后续可通过<Assistant_System>商城</>获取	<Assistant_Title1>【Solemn】</>\n<Assistant_Title2>Description: </>Character creation hairstyle.\n<Assistant_Title2>Usage: </>Obtain Solemn after character creation. You can view and equip it by clicking <Assistant_System>Appearance - Outfits</>.\n<Assistant_Title2>Acquisition: </>Choose one hairstyle during character creation; remaining hairstyles can be obtained later via <Assistant_System>Shop</>.	
612	<Assistant_Title1>【自然柔顺】</>\n<Assistant_Title2>描述：</>商城直售发型\n<Assistant_Title2>使用：</>商城购买后获得自然柔顺发型，可点击<Assistant_System>外观-换装</>查看并使用。\n<Assistant_Title2>获取：</>通过<Assistant_System>商城</>获取	<Assistant_Title1> [Naturally Smooth] </>\n<Assistant_Title2> Description: </> Mall Direct-Sale Hairstyle \n<Assistant_Title2> Usage: </> After purchasing in the Mall, gain the Naturally Smooth hairstyle, which can be viewed and used by clicking <Assistant_System> Appearance - Dress Up </>. \n<Assistant_Title2> Acquisition: </> Obtained through <Assistant_System> Mall </>	
613	<Assistant_Title1>【自省之心】</>\n<Assistant_Title2>描述：</>教团等级奖励饰品\n<Assistant_Title2>使用：</>使用后获得自省之心，可点击<Assistant_System>外观-换装</>查看并使用。\n<Assistant_Title2>获取：</>教团等级解锁	<Assistant_Title1>【Heart of Introspection】</>\n<Assistant_Title2>Description: </>Coven level reward accessory\n<Assistant_Title2>Use: </>Use to obtain Heart of Introspection. You can view and equip it by clicking <Assistant_System>Appearance - Dress Up</>.\n<Assistant_Title2>Acquisition: </>Coven level unlock	
614	<Assistant_Title1>【花开半靥】</>\n<Assistant_Title2>描述：</>神眷池饰品\n<Assistant_Title2>使用：</>使用后获得花开半靥，可点击<Assistant_System>外观-换装</>查看并使用。\n<Assistant_Title2>获取：</>通过<Assistant_System>召唤-灵界焕容</>获得	<Assistant_Title1>【Half-Bloomed Flower】</>\n<Assistant_Title2>Description:</>God-Favored Pool Accessory\n<Assistant_Title2>Use:</>After use, obtain the Half-Bloomed Flower; you can click <Assistant_System>Appearance-Change Outfit</> to view and use it.\n<Assistant_Title2>Acquisition:</>Obtained via <Assistant_System>Summon-Spirit World Renewal</>	
615	<Assistant_Title1>【花镜绮宴】</>\n<Assistant_Title2>描述：</>商城直售时装\n<Assistant_Title2>使用：</>商城购买后获得花镜绮宴套装，可点击<Assistant_System>外观-换装</>查看并使用。\n<Assistant_Title2>获取：</>通过<Assistant_System>商城</>获取	<Assistant_Title1>【Floral Mirror Banquet】</>\n<Assistant_Title2>Description: </>Shop Direct-Purchase Outfit\n<Assistant_Title2>Usage: </>Purchase in the shop to obtain the Floral Mirror Banquet outfit. You can click <Assistant_System>Appearance - Change Outfit</> to view and use it.\n<Assistant_Title2>Acquisition: </>Obtained via <Assistant_System>Shop</>	
616	<Assistant_Title1>【苍白之冕】</>\n<Assistant_Title2>描述：</>神眷时装\n<Assistant_Title2>使用：</>使用后获得苍白之冕套装，可点击<Assistant_System>外观-换装</>查看并使用，也可兑换为<Assistant_Red>2</>张神眷牌。\n<Assistant_Title2>获取：</>通过<Assistant_System>召唤-灵界焕容</>获得，或在<Assistant_System>美神馈赠商店</>中使用<Assistant_Red>2</>张神眷牌兑换	<Assistant_Title1>【Pale Crown】</>\n<Assistant_Title2>Description:</>God-Favored Outfit\n<Assistant_Title2>Use:</>After use, obtain the Pale Crown set; you can click <Assistant_System>Appearance-Change Outfit</> to view and use it, or exchange it for <Assistant_Red>2</> God-Favored Cards.\n<Assistant_Title2>Acquisition:</>Obtained via <Assistant_System>Summon-Spirit World Renewal</>, or exchanged in the <Assistant_System>Gifts of the Beauty God Shop</> using <Assistant_Red>2</> God-Favored Cards	
617	<Assistant_Title1>【苍白的死亡】</>\n<Assistant_Title2>描述：</>黄铜书进度奖励\n<Assistant_Title2>使用：</>使用后获得苍白的死亡，可点击<Assistant_System>外观-换装</>查看并使用。\n<Assistant_Title2>获取：</>通过<Assistant_System>副本</>获得	<Assistant_Title1>【Pale Death】</>\n<Assistant_Title2>Description:</>Brass Book Progress Reward\n<Assistant_Title2>Use:</>After use, obtain the Pale Death; you can click <Assistant_System>Appearance-Change Outfit</> to view and use it.\n<Assistant_Title2>Acquisition:</>Obtained via <Assistant_System>Dungeon</>	
618	<Assistant_Title1>【苍银之风】</>\n<Assistant_Title2>描述：</>竞技玩法饰品\n<Assistant_Title2>使用：</>使用后获得苍银之风，可点击<Assistant_System>外观-换装</>查看并使用。\n<Assistant_Title2>获取：</>通过终末猎杀拍卖获取	<Assistant_Title1>【Wind of Pale Silver】</>\n<Assistant_Title2>Description: </>Competition gameplay accessory\n<Assistant_Title2>Usage: </>After use, you will obtain the Wind of Pale Silver. You can click <Assistant_System>Appearance - Change Outfit</> to view and use it.\n<Assistant_Title2>Acquisition: </>Obtain through the Final Hunt auction.	
619	<Assistant_Title1>【苏勒纸币】</>\n<Assistant_Title2>描述：</>世界冒险玩法奖励展台贴纸\n<Assistant_Title2>使用：</>使用后获得苏勒纸币，可点击<Assistant_System>外观-展台</>查看并使用。\n<Assistant_Title2>获取：</>通过<Assistant_System>商城-百货-冒险商店</>使用冒险勋章兑换	<Assistant_Title1>【Soule Banknote】</>\n<Assistant_Title2>Description: </>World Adventure gameplay reward display sticker.\n<Assistant_Title2>Usage: </>Use to obtain the Soule Banknote. You can view and use it by clicking <Assistant_System>Appearance - Display Stand</>.\n<Assistant_Title2>Acquisition: </>Exchange using Adventure Medals in <Assistant_System>Shop - General Goods - Adventure Shop</>.	
620	<Assistant_Title1>【荒诞马戏】</>\n<Assistant_Title2>描述：</>副本掉落时装\n<Assistant_Title2>使用：</>使用后获得荒诞马戏套装，可点击<Assistant_System>外观-换装</>查看并使用。\n<Assistant_Title2>获取：</>通过<Assistant_System>副本-安提哥努斯笔记</>获取	<Assistant_Title1>【Absurd Circus】</>\n<Assistant_Title2>Description: </>Dungeon Drop Outfit\n<Assistant_Title2>Usage: </>After use, you will obtain the Absurd Circus set. You can click <Assistant_System>Appearance - Change Outfit</> to view and use it. \n<Assistant_Title2>Acquisition: </>Obtained via <Assistant_System>Dungeon - Antigonus Notebook</>	
621	<Assistant_Title1>【荒野之脊】</>\n<Assistant_Title2>描述：</>副本掉落饰品\n<Assistant_Title2>使用：</>使用后获得荒野之脊，可点击<Assistant_System>外观-换装</>查看并使用。\n<Assistant_Title2>获取：</>通过<Assistant_System>世界灾厄</>获取	<Assistant_Title1>【Wilderness Spine】</>\n<Assistant_Title2>Description: </>Dungeon Drop Accessory\n<Assistant_Title2>Usage: </>After use, you will obtain the Wilderness Spine. You can click <Assistant_System>Appearance - Change Outfit</> to view and use it. \n<Assistant_Title2>Acquisition: </>Obtained via <Assistant_System>World Calamity</>	
622	<Assistant_Title1>【莫尔斯小镇】</>\n<Assistant_Title2>描述：</>商城直售时装\n<Assistant_Title2>使用：</>商城购买后获得莫尔斯小镇套装，可点击<Assistant_System>外观-换装</>查看并使用。\n<Assistant_Title2>获取：</>通过<Assistant_System>商城</>获取	<Assistant_Title1>【Morse Small Town】</>\n<Assistant_Title2>Description: </>Store Direct-purchase Outfit\n<Assistant_Title2>Usage: </>After purchasing in the store, you will obtain the Morse Small Town set. You can click <Assistant_System>Appearance - Change Outfit</> to view and use it. \n<Assistant_Title2>Acquisition: </>Obtained via <Assistant_System>Store</>	
623	<Assistant_Title1>【蔷薇之缚】</>\n<Assistant_Title2>描述：</>星币池饰品\n<Assistant_Title2>使用：</>使用后获得蔷薇之缚，可点击<Assistant_System>外观-换装</>查看并使用。\n<Assistant_Title2>获取：</>通过<Assistant_System>召唤-星灵奇装</>获得	<Assistant_Title1>【Rose Binding】</>\n<Assistant_Title2>Description: </>Star Coin Pool Accessory\n<Assistant_Title2>Usage: </>After use, you will obtain the Rose Binding. You can click <Assistant_System>Appearance - Change Outfit</> to view and use it. \n<Assistant_Title2>Acquisition: </>Obtained via <Assistant_System>Summon - Astral Wonders</>	
624	<Assistant_Title1>【虔诚回响】</>\n<Assistant_Title2>描述：</>玩法奖励时装\n<Assistant_Title2>使用：</>使用后获得虔诚回响套装，可点击<Assistant_System>外观-换装</>查看并使用。\n<Assistant_Title2>获取：</>通过<Assistant_System>玩法-公会</>获取	<Assistant_Title1>【Devout Echo】</>\n<Assistant_Title2>Description: </>Gameplay Reward Fashion\n<Assistant_Title2>Usage: </>After use, you will obtain the Devout Echo set. You can click <Assistant_System>Appearance - Dress Up</> to view and use it. \n<Assistant_Title2>Obtain: </>Obtained via <Assistant_System>Gameplay - Guild</>	
625	<Assistant_Title1>【虚境】</>\n<Assistant_Title2>描述：</>默认展台场景\n<Assistant_Title2>使用：</>可点击<Assistant_System>外观-展台</>查看并使用。\n<Assistant_Title2>获取：</>默认解锁	<Assistant_Title1>【Void Realm】</>\n<Assistant_Title2>Description: </>Default display stand scene\n<Assistant_Title2>Usage: </>You can click <Assistant_System>Appearance - Display Stand</> to view and use it.\n<Assistant_Title2>Acquisition: </>Unlocked by default.	
626	<Assistant_Title1>【蛇心】</>\n<Assistant_Title2>描述：</>教团等级奖励饰品\n<Assistant_Title2>使用：</>使用后获得蛇心，可点击<Assistant_System>外观-换装</>查看并使用。\n<Assistant_Title2>获取：</>教团等级解锁	<Assistant_Title1>【Snake Heart】</>\n<Assistant_Title2>Description: </>Coven level reward accessory\n<Assistant_Title2>Use: </>Use to obtain Snake Heart. You can view and equip it by clicking <Assistant_System>Appearance - Dress Up</>.\n<Assistant_Title2>Acquisition: </>Coven level unlock	
627	<Assistant_Title1>【蝶之吻】</>\n<Assistant_Title2>描述：</>神眷池饰品\n<Assistant_Title2>使用：</>使用后获得蝶之吻，可点击<Assistant_System>外观-换装</>查看并使用。\n<Assistant_Title2>获取：</>通过<Assistant_System>召唤-灵界焕容</>获得	<Assistant_Title1>【Butterfly Kiss】</>\n<Assistant_Title2>Description: </>God-favored Pool Accessory\n<Assistant_Title2>Usage: </>After use, you will obtain the Butterfly Kiss. You can click <Assistant_System>Appearance - Change Outfit</> to view and use it. \n<Assistant_Title2>Acquisition: </>Obtained via <Assistant_System>Summon - Spirit World Transformation</>	
628	<Assistant_Title1>【蝶栖流光】</>\n<Assistant_Title2>描述：</>段位奖励展台贴纸\n<Assistant_Title2>使用：</>使用后获得蝶栖流光，可点击<Assistant_System>外观-展台</>查看并使用。\n<Assistant_Title2>获取：</><Assistant_System>躺赢-段位天梯</>达到一定段位获取	<Assistant_Title1>【Butterfly Resting on Flowing Light】</>\n<Assistant_Title2>Description: </>Rank Reward Display Stand Sticker\n<Assistant_Title2>Usage: </>After use, you will obtain Butterfly Resting on Flowing Light. You can click <Assistant_System>Appearance-Display Stand</> to view and use it.\n<Assistant_Title2>Acquisition: </><Assistant_System>Easy Win-Ranked Ladder</>Obtained upon reaching a certain rank	
629	<Assistant_Title1>【血月杀戮】</>\n<Assistant_Title2>描述：</>商城直售时装\n<Assistant_Title2>使用：</>商城购买后获得血月杀戮套装，可点击<Assistant_System>外观-换装</>查看并使用。\n<Assistant_Title2>获取：</>通过<Assistant_System>商城</>获取	<Assistant_Title1>【Blood Moon Slaughter】</>\n<Assistant_Title2>Description: </>Shop Direct-Purchase Outfit\n<Assistant_Title2>Usage: </>Purchase in the shop to obtain the Blood Moon Slaughter outfit. You can click <Assistant_System>Appearance - Change Outfit</> to view and use it.\n<Assistant_Title2>Acquisition: </>Obtained via <Assistant_System>Shop</>	
630	<Assistant_Title1>【衔尾】</>\n<Assistant_Title2>描述：</>玩法奖励饰品\n<Assistant_Title2>使用：</>使用后获得衔尾，可点击<Assistant_System>外观-换装</>查看并使用。\n<Assistant_Title2>获取：</>通过<Assistant_System>玩法-公会</>获取	<Assistant_Title1>【Ouroboros】</>\n<Assistant_Title2>Description: </>Gameplay reward accessory.\n<Assistant_Title2>Usage: </>Use to obtain the Ouroboros. You can view and equip it by clicking <Assistant_System>Appearance - Outfits</>.\n<Assistant_Title2>Acquisition: </>Obtained via <Assistant_System>Gameplay - Guild</>.	
631	<Assistant_Title1>【誓约系统】</>\n<Assistant_Title2>玩法说明：</><Assistant_System>誓约系统</>是由两名互为好友的玩家组队前往萨默尔太太处申请结成誓约关系后通过一起参与组队活动获取誓约值与同行纹章的社交玩法。\n<Assistant_Title2>参与条件：</>①需要双方等级都达到<Assistant_Red>30级</>解锁誓约系统。②双方互为好友且<Assistant_Red>好友度达到200点</>。\n<Assistant_Title2>玩法规则：</>①达到参与条件的玩家组队前往<Assistant_Red>霍纳奇斯花海萨默尔太太处</>，由队长发起结成誓约邀请。②被邀请方接受邀请后进入互相书写誓言流程。③书写完誓言后双方互相交换查看收下对方的誓言，进入拍婚纱照流程。④双方选择拍照模版，最终确认后完成拍照流程，双方结成誓约关系。	<Assistant_Title1>【Covenant System】</>\n<Assistant_Title2>Gameplay Description: </><Assistant_System>Covenant System</> is a social gameplay where two players who are friends form a team, go to Mrs. Sammer to apply for a covenant relationship, and then participate in team activities together to earn Covenant Points and Companion Emblems. \n<Assistant_Title2>Participation Requirements: </>① Both parties must reach <Assistant_Red>Level 30</> to unlock the Covenant System. ② Both parties must be friends and have a <Assistant_Red>Friendship Level of 200 points</>. \n<Assistant_Title2>Gameplay Rules: </>① Players who meet the requirements form a team and go to <Assistant_Red>Mrs. Sammer in the Hornacis Sea of Flowers</>, where the captain initiates the covenant invitation. ② After the invitee accepts, they enter the process of writing vows to each other. ③ After writing the vows, both parties exchange, view, and accept each other's vows, then enter the wedding photo process. ④ Both parties select a photo template, and after final confirmation, the photo process is completed, and the two parties form a covenant relationship.	
632	<Assistant_Title1>【记忆蛛网】</>\n<Assistant_Title2>描述：</>星币池展台贴纸\n<Assistant_Title2>使用：</>使用后获得记忆蛛网，可点击<Assistant_System>外观-展台</>查看并使用。\n<Assistant_Title2>获取：</><Assistant_System>召唤-灵界焕容-星灵秘库商店</>中使用裁刀兑换	<Assistant_Title1>【Memory Spider Web】</>\n<Assistant_Title2>Description: </>Star Coin Pool display stand sticker\n<Assistant_Title2>Usage: </>After use, you will obtain the Memory Spider Web. You can click <Assistant_System>Appearance - Display Stand</> to view and use it.\n<Assistant_Title2>Acquisition: </>Exchange using Cutting Knives in the <Assistant_System>Summon - Spirit World Transformation - Astral Secret Vault Shop</>.	
633	<Assistant_Title1>【诚颂】</>\n<Assistant_Title2>描述：</>创角发型\n<Assistant_Title2>使用：</>创角后获得诚颂，可点击<Assistant_System>外观-换装</>查看并使用。\n<Assistant_Title2>获取：</>创角时可选择获取一款发型，剩余发型后续可通过<Assistant_System>商城</>获取	<Assistant_Title1>【Sincere Praise】</>\n<Assistant_Title2>Description: </>Character creation hairstyle.\n<Assistant_Title2>Usage: </>Obtain Sincere Praise after character creation. You can view and equip it by clicking <Assistant_System>Appearance - Outfits</>.\n<Assistant_Title2>Acquisition: </>Choose one hairstyle during character creation; remaining hairstyles can be obtained later via <Assistant_System>Shop</>.	
634	<Assistant_Title1>【诡秘圈-关系】</>\n<Assistant_Title2>默认关注：</>诡秘圈默认关注NPC。\n<Assistant_Title2>单向关注：</>可在关注页签，看到自己关注的玩家发布的诡秘圈动态。\n<Assistant_Title2>互关：</>双方互相关注，成为好友默认互相关注诡秘圈。\n<Assistant_Title2>取消关注：</>取消关注后，无法在关注页签，查看该玩家发布的诡秘圈动态。删除好友或拉黑后，自动取消双向关注。\n<Assistant_Title2>快速操作：</>可以在<Assistant_System>个人主页</>{JumpToUI:[【前往查看】]|1302302}查看我的诡秘圈关注列表、粉丝列表，并进行取消关注、移除粉丝的快速操作。\n<Assistant_Title3>推荐搜索：</>{SendAnswer:[诡秘圈]|1390}，{SendAnswer:[诡秘圈-动态]|1391}，{SendAnswer:[诡秘圈-页签]|1393}，{SendAnswer:[诡秘圈-话题]|1394}	<Assistant_Title1>【Mysteries Circle - Relationships】</>\n<Assistant_Title2>Default Follow: </>NPCs followed by default in the Mysteries Circle.\n<Assistant_Title2>One-way Follow: </>You can see the Mysteries Circle updates posted by players you follow in the Following tab.\n<Assistant_Title2>Mutual Follow: </>Both parties follow each other and become friends, automatically following each other in the Mysteries Circle.\n<Assistant_Title2>Unfollow: </>After unfollowing, you cannot see the Mysteries Circle updates posted by that player in the Following tab. Deleting a friend or blocking them will automatically cancel mutual follows.\n<Assistant_Title2>Quick Actions: </>You can go to <Assistant_System>Personal Homepage</>{JumpToUI:[【View】]|1302302} to view your Mysteries Circle following list and follower list, and perform quick actions like unfollowing or removing followers.\n<Assistant_Title3>Recommended Searches: </>{SendAnswer:[Mysteries Circle]|1390}, {SendAnswer:[Mysteries Circle - Updates]|1391}, {SendAnswer:[Mysteries Circle - Tabs]|1393}, {SendAnswer:[Mysteries Circle - Topics]|1394}	
635	<Assistant_Title1>【诡秘圈-动态】</>\n<Assistant_Title2>发布动态：</>在诡秘圈界面，点击<Assistant_System>发布</>按钮，即可编辑发布动态。发布动态时，可以编辑文本、上传图片、设置话题、可见范围、评论和转发权限。\n<Assistant_Title2>分享至诡秘圈：</>分享界面，点击<Assistant_System>分享到诡秘圈</>按钮，即可将内容截图，并分享发布到诡秘圈。\n<Assistant_Title2>删除诡秘圈和评论：</>在自己的动态和评论处，点击···更多按钮，可进行删除。\n<Assistant_Title2>注意：</><Assistant_Red>若诡秘圈动态、评论内容和图片不合规，会进行下架处理。</>如您发现其他玩家有违规行为或者异常情况，请及时举报或联系客服。\n<Assistant_Title3>推荐搜索：</>{SendAnswer:[诡秘圈]|1390}，{SendAnswer:[诡秘圈-关系]|1392}，{SendAnswer:[诡秘圈-页签]|1393}，{SendAnswer:[诡秘圈-话题]|1394}	<Assistant_Title1>【Mysteries Circle-Dynamics】</>\n<Assistant_Title2> Posting Dynamics: </>In the Mysteries Circle interface, click the <Assistant_System>Post</> button to edit and publish a dynamic. When posting, you can edit text, upload images, set topics, visibility, and comment/repost permissions.\n<Assistant_Title2> Sharing to Mysteries Circle: </>In the share interface, click the <Assistant_System>Share to Mysteries Circle</> button to screenshot the content and share it to the Mysteries Circle.\n<Assistant_Title2> Deleting Mysteries Circle Posts and Comments: </>On your own posts and comments, click the \"...\" more button to delete them.\n<Assistant_Title2> Note: </><Assistant_Red>If Mysteries Circle posts, comments, or images are non-compliant, they will be taken down.</> If you discover other players engaging in violations or abnormal behavior, please report them or contact customer service promptly.\n<Assistant_Title3> Recommended Searches: </>{SendAnswer:[Mysteries Circle]|1390}, {SendAnswer:[Mysteries Circle-Relationships]|1392}, {SendAnswer:[Mysteries Circle-Tabs]|1393}, {SendAnswer:[Mysteries Circle-Topics]|1394}	
636	<Assistant_Title1>【诡秘圈-话题】</>\n<Assistant_Title2>创建话题：</>发布动态时可添加话题，可点击话题按钮从选择已有话题，也可通过#话题名#格式新增话题。\n<Assistant_Title2>话题排行榜：</>话题页签中显示热门话题排行。\n<Assistant_Title2>话题动态：</>点击话题，可以查看该话题下的所有动态。\n<Assistant_Title3>推荐搜索：</>{SendAnswer:[诡秘圈]|1390}，{SendAnswer:[诡秘圈-动态]|1391}，{SendAnswer:[诡秘圈-关系]|1392}，{SendAnswer:[诡秘圈-页签]|1393}	<Assistant_Title1>【Mystic Circle - Topics】</>\n<Assistant_Title2>Create Topic: </>You can add topics when posting updates. You can click the topic button to select existing topics or create new ones using the #TopicName# format. \n<Assistant_Title2>Topic Leaderboard: </>Popular topics are displayed on the topic tab. \n<Assistant_Title2>Topic Updates: </>Click a topic to view all updates under that topic. \n<Assistant_Title3>Recommended Searches: </>{SendAnswer:[Mystic Circle]|1390}, {SendAnswer:[Mystic Circle - Updates]|1391}, {SendAnswer:[Mystic Circle - Relationships]|1392}, {SendAnswer:[Mystic Circle - Tabs]|1393}	
637	<Assistant_Title1>【诡秘圈-页签】</>\n<Assistant_Title2>关注页签：</>关注页签，会显示自己关注的玩家和NPC发布的诡秘圈动态。\n<Assistant_Title2>发现页签：</>发现页签会按照诡秘圈动态热度，自动推送当前热度较高的诡秘圈，可手动调整按照动态发布时间进行排序。\n<Assistant_Title2>话题页签：</>可以查看当前话题排行。\n<Assistant_Title3>推荐搜索：</>{SendAnswer:[诡秘圈]|1390}，{SendAnswer:[诡秘圈-动态]|1391}，{SendAnswer:[诡秘圈-关系]|1392}，{SendAnswer:[诡秘圈-话题]|1394}	<Assistant_Title1>【Mysteries Circle - Tabs】</>\n<Assistant_Title2>Following Tab: </>The Following tab displays updates from players and NPCs you follow in the Mysteries Circle.\n<Assistant_Title2>Discover Tab: </>The Discover tab automatically pushes trending Mysteries Circle posts based on their popularity. You can manually adjust the sorting to display by post time.\n<Assistant_Title2>Topics Tab: </>View current topic rankings.\n<Assistant_Title3>Recommended Searches: </>{SendAnswer:[Mysteries Circle]|1390}, {SendAnswer:[Mysteries Circle - Updates]|1391}, {SendAnswer:[Mysteries Circle - Connections]|1392}, {SendAnswer:[Mysteries Circle - Topics]|1394}	
638	<Assistant_Title1>【诡秘圈】</>\n<Assistant_Title2>系统入口：</><Assistant_System>聊天面板 - 诡秘圈</>{JumpToUI:[【前往查看】]|1302512}\n<Assistant_Title2>我的诡秘圈：</><Assistant_System>个人主页 - 诡秘圈</>{JumpToUI:[【前往查看】]|1302302}\n<Assistant_Title2>诡秘圈数据：</>可以在<Assistant_System>个人主页</>{JumpToUI:[【前往查看】]|1302302}查看我的诡秘圈关注列表、粉丝列表。在<Assistant_System>点赞列表 - 诡秘圈</>中可查看点赞数据，诡秘圈点赞不会记在个人主页点赞总数中。\n<Assistant_Title2>诡秘圈操作：</>可以在诡秘圈内，点赞、评论、转发、分享其他人的诡秘圈动态。\n<Assistant_Title2>消息中心：</>可以在诡秘圈右上角的<Assistant_System>消息中心</>，收到其他人对自己诡秘圈的点赞、评论/回复、转发、@自己等行为的红点提示。\n<Assistant_Title2>注意：</><Assistant_Red>若诡秘圈动态、评论内容和图片不合规，会进行下架处理。</>如您发现其他玩家有违规行为或者异常情况，请及时举报或联系客服。\n<Assistant_Title3>基础功能细节规则：</>{SendAnswer:[诡秘圈-动态]|1391}，{SendAnswer:[诡秘圈-关系]|1392}，{SendAnswer:[诡秘圈-页签]|1393}，{SendAnswer:[诡秘圈-话题]|1394}	<Assistant_Title1>【Mysteries Circle】</>\n<Assistant_Title2>System Entry: </><Assistant_System>Chat Panel - Mysteries Circle</>{JumpToUI:[【Go to View】]|1302512}\n<Assistant_Title2>My Mysteries Circle: </><Assistant_System>Personal Homepage - Mysteries Circle</>{JumpToUI:[【Go to View】]|1302302}\n<Assistant_Title2>Mysteries Circle Data: </>You can view your Mysteries Circle following list and follower list on your <Assistant_System>Personal Homepage</>{JumpToUI:[【Go to View】]|1302302}. You can view like data in <Assistant_System>Like List - Mysteries Circle</>; Mysteries Circle likes are not counted toward the total like count on your personal homepage. \n<Assistant_Title2>Mysteries Circle Actions: </>Within the Mysteries Circle, you can like, comment on, repost, and share other people's Mysteries Circle updates. \n<Assistant_Title2>Message Center: </>In the <Assistant_System>Message Center</> at the top right corner of the Mysteries Circle, you will receive red dot notifications for others liking, commenting/replying to, reposting, or @-ing you in the Mysteries Circle. \n<Assistant_Title2>Note: </><Assistant_Red>If Mysteries Circle updates, comment content, or images are non-compliant, they will be removed. </>If you discover any violations or abnormal behavior by other players, please report them or contact customer service promptly. \n<Assistant_Title3>Basic Function Detail Rules: </>{SendAnswer:[Mysteries Circle - Updates]|1391}, {SendAnswer:[Mysteries Circle - Relationships]|1392}, {SendAnswer:[Mysteries Circle - Tabs]|1393}, {SendAnswer:[Mysteries Circle - Topics]|1394}	
639	<Assistant_Title1>【语音房-普通语音房】</>\n<Assistant_Title2>开放等级：</>认知等级<Assistant_Red>10级</>\n<Assistant_Title2>系统入口：</><Assistant_System>聊天面板 - 语音房</>{JumpToUI:[【前往查看】]|1250316}\n<Assistant_Title2>人数上限：</>语音房间最多可容纳1000人。\n<Assistant_Title2>默认发言模式：</>普通语音房间默认是自由发言模式，点击输入框旁边的开麦按钮即可自动开麦。若当前语音房间模式为房主设置发言权限模式或房主设置发言顺序模式，则需点击开麦按钮发起上麦申请，房主通过后即可开麦。\n<Assistant_Title2>房主操作：</>房主可在成员权限设置处调整发言模式，设置禁言和房间黑名单，也可在右侧侧边栏设置界面，调整房间信息和类型，进行转让房主操作。\n<Assistant_Title2>其他操作：</>在右侧侧边框可分享语音房间链接、发放语音房间礼金。\n<Assistant_Title3>推荐搜索：</>{SendAnswer:[语音房-房主权限]|1395}，{SendAnswer:[语音房-玩法语音房]|1397}，{SendAnswer:[语音房-常驻房间]|1398}	<Assistant_Title1>【Voice Room - Normal Voice Room】</>\n<Assistant_Title2>Unlock Level: </>Cognition Level<Assistant_Red> 10</>\n<Assistant_Title2>System Entry: </><Assistant_System>Chat Panel - Voice Room</>{JumpToUI:[【Go to View】]|1250316}\n<Assistant_Title2>Capacity: </>A voice room can hold up to 1000 people.\n<Assistant_Title2>Default Speaking Mode: </>Normal voice rooms default to free-speaking mode; click the microphone button next to the input box to automatically unmute. If the current voice room mode is set to host-controlled speaking permissions or speaking order, you must click the microphone button to request to speak, and you can unmute after the host approves.\n<Assistant_Title2>Host Operations: </>The host can adjust the speaking mode in member permission settings, set mutes and room blacklists, and also adjust room information and types or transfer host status in the right sidebar settings interface.\n<Assistant_Title2>Other Operations: </>You can share voice room links or distribute voice room gifts in the right sidebar.\n<Assistant_Title3>Recommended Searches: </>{SendAnswer:[Voice Room - Host Permissions]|1395}, {SendAnswer:[Voice Room - Gameplay Voice Room]|1397}, {SendAnswer:[Voice Room - Permanent Room]|1398}	
640	<Assistant_Title1>【语音房-玩法语音房】</>\n<Assistant_Title2>开放等级：</>认知等级<Assistant_Red>10级</>\n<Assistant_Title2>系统入口：</><Assistant_System>聊天面板 - 语音房</>{JumpToUI:[【前往查看】]|1250316}\n<Assistant_Title2>人数上限：</>语音房间最多可容纳1000人。\n<Assistant_Title2>默认发言模式：</>玩法语音房间默认是房主设置发言顺序模式，需点击开麦按钮发起上麦申请，房主通过后即可开麦。\n<Assistant_Title2>心动信号：</>麦序上的玩家自动获得嘉宾身份，1麦玩家为座上宾身份，语音房间内的所有嘉宾均可通过切换爆灯状态来表达情绪。通过房间右上角实况界面可更直观的查看当前所有嘉宾的发言和爆灯情况。\n<Assistant_Title2>房主操作：</>房主可在成员权限设置处调整发言顺序，设置禁言和房间黑名单，也可在右侧侧边栏设置界面，调整房间信息、进行常驻房间续时、转让房主操作。\n<Assistant_Title2>其他操作：</>在右侧侧边框可分享语音房间链接、发放语音房间礼金。\n<Assistant_Title3>推荐搜索：</>{SendAnswer:[语音房-房主权限]|1395}，{SendAnswer:[语音房-普通语音房]|1396}，{SendAnswer:[语音房-常驻房间]|1398}	<Assistant_Title1>[Voice Room - Gameplay Voice Room]</>\n<Assistant_Title2>Open Level: </>Cognitive Level <Assistant_Red>10</>\n<Assistant_Title2>System Entry: </><Assistant_System>Chat Panel - Voice Room</>{JumpToUI:[[View]]|1250316}\n<Assistant_Title2>Capacity Limit: </>Voice rooms can accommodate up to 1000 people.\n<Assistant_Title2>Default Speaking Mode: </>Gameplay voice rooms default to the room owner setting the speaking order. You need to click the mic button to initiate a request to speak, and you can only unmute after the room owner approves.\n<Assistant_Title2>Heartbeat Signal: </>Players in the speaking queue automatically gain guest status; the player in the 1st mic position is the guest of honor. All guests in the voice room can express emotions by switching their \"light-up\" status. You can view the speaking and light-up status of all current guests more intuitively through the live interface in the top right corner of the room.\n<Assistant_Title2>Room Owner Operations: </>The room owner can adjust the speaking order, set mutes, and manage the room blacklist in the member permission settings. They can also adjust room information, extend the duration of permanent rooms, and transfer ownership in the settings interface on the right sidebar.\n<Assistant_Title2>Other Operations: </>You can share the voice room link and distribute voice room gifts in the right sidebar.\n<Assistant_Title3>Recommended Searches: </>{SendAnswer:[Voice Room - Owner Permissions]|1395}, {SendAnswer:[Voice Room - Normal Voice Room]|1396}, {SendAnswer:[Voice Room - Permanent Room]|1398}	
641	<Assistant_Title1>【追风雪的人】</>\n<Assistant_Title2>任务类型：</><Assistant_Property2>时代逸闻</>\n<Assistant_Title2>任务描述：</>一位老先生坐在雪地上，不知道是在休息，还是需要帮助？\n<Assistant_Title2>领取方式：</>扮演等级达到<Assistant_Red>65级</>后，前往{Location:[霍纳奇斯山脉(684,554)]|58497;45487;3362;2;5200086;0}，和<Assistant_Red>老先生</>对话可接取任务\n<Assistant_Title2>任务奖励</>：认知经验、发票单据、冒险勋章、世界冒险秘宝进度	<Assistant_Title1>【Chaser of Wind and Snow】</>\n<Assistant_Title2>Quest Type: </><Assistant_Property2>Era Anecdote</>\n<Assistant_Title2>Quest Description: </>An old gentleman is sitting on the snow. Is he resting, or does he need help?\n<Assistant_Title2>How to Accept: </>After your Acting level reaches <Assistant_Red>Level 65</>, head to {Location:[Hornacis Mountain Range(684,554)]|58497;45487;3362;2;5200086;0} and speak with the <Assistant_Red>Old Gentleman</> to accept the quest.\n<Assistant_Title2>Quest Rewards</>: Cognitive EXP, Invoices, Adventure Medals, World Adventure Treasure Progress	
642	<Assistant_Title1>【遗失的荣耀】</>\n<Assistant_Title2>描述：</>副本掉落饰品\n<Assistant_Title2>使用：</>使用后获得遗失的荣耀，可点击<Assistant_System>外观-换装</>查看并使用。\n<Assistant_Title2>获取：</>通过<Assistant_System>副本-五月庄园·花园</>获取	<Assistant_Title1>【Lost Glory】</>\n<Assistant_Title2>Description: </>Dungeon Drop Accessory\n<Assistant_Title2>Usage: </>After use, you will obtain the Lost Glory. You can click <Assistant_System>Appearance - Change Outfit</> to view and use it. \n<Assistant_Title2>Acquisition: </>Obtained via <Assistant_System>Dungeon - May Manor · Garden</>	
643	<Assistant_Title1>【遗失盟约】</>\n<Assistant_Title2>描述：</>风尚回廊饰品\n<Assistant_Title2>使用：</>使用后获得遗失盟约，可点击<Assistant_System>外观-换装</>查看并使用。\n<Assistant_Title2>获取：</><Assistant_System>风尚回廊</>收集进度解锁	<Assistant_Title1>【Lost Covenant】</>\n<Assistant_Title2>Description: </>Fashion Corridor Accessory\n<Assistant_Title2>Usage: </>Use to obtain the Lost Covenant. You can click <Assistant_System>Appearance - Change Outfit</> to view and use it.\n<Assistant_Title2>Acquisition: </>Unlocked via <Assistant_System>Fashion Corridor</> collection progress	
644	<Assistant_Title1>【金枝森影】</>\n<Assistant_Title2>描述：</>神眷时装\n<Assistant_Title2>使用：</>使用后获得金枝森影套装，可点击<Assistant_System>外观-换装</>查看并使用，也可兑换为<Assistant_Red>2</>张神眷牌。\n<Assistant_Title2>获取：</>通过<Assistant_System>召唤-灵界焕容</>获得，或在<Assistant_System>美神馈赠商店</>中使用<Assistant_Red>2</>张神眷牌兑换	<Assistant_Title1>【Golden Branch Forest Shadow】</>\n<Assistant_Title2>Description: </>God-favored Outfit\n<Assistant_Title2>Usage: </>After use, you will obtain the Golden Branch Forest Shadow set. You can click <Assistant_System>Appearance - Change Outfit</> to view and use it, or exchange it for <Assistant_Red>2</> God-favored Cards. \n<Assistant_Title2>Acquisition: </>Obtained via <Assistant_System>Summon - Spirit World Transformation</>, or exchange using <Assistant_Red>2</> God-favored Cards in the <Assistant_System>Goddess's Gift Shop</>	
645	<Assistant_Title1>【金狮之首】</>\n<Assistant_Title2>描述：</>神眷池饰品\n<Assistant_Title2>使用：</>使用后获得金狮之首，可点击<Assistant_System>外观-换装</>查看并使用。\n<Assistant_Title2>获取：</>通过<Assistant_System>召唤-灵界焕容</>获得	<Assistant_Title1>【Golden Lion Head】</>\n<Assistant_Title2>Description:</>God-Favored Pool Accessory\n<Assistant_Title2>Use:</>After use, obtain the Golden Lion Head; you can click <Assistant_System>Appearance-Change Outfit</> to view and use it.\n<Assistant_Title2>Acquisition:</>Obtained via <Assistant_System>Summon-Spirit World Renewal</>	
646	<Assistant_Title1>【金翡礼颂】</>\n<Assistant_Title2>描述：</>商城直售时装\n<Assistant_Title2>使用：</>商城购买后获得金翡礼颂套装，可点击<Assistant_System>外观-换装</>查看并使用。\n<Assistant_Title2>获取：</>通过<Assistant_System>商城</>获取	<Assistant_Title1>【Golden Jade Hymn】</>\n<Assistant_Title2>Description: </>Shop Direct-Purchase Outfit\n<Assistant_Title2>Usage: </>Purchase in the shop to obtain the Golden Jade Hymn outfit. You can click <Assistant_System>Appearance - Change Outfit</> to view and use it.\n<Assistant_Title2>Acquisition: </>Obtained via <Assistant_System>Shop</>	
647	<Assistant_Title1>【金边方框眼镜】</>\n<Assistant_Title2>描述：</>探索奖励饰品\n<Assistant_Title2>使用：</>使用后获得金边方框眼镜，可点击<Assistant_System>外观-换装</>查看并使用。\n<Assistant_Title2>获取：</><Assistant_System>探索</>获取	<Assistant_Title1>【Gold-Rimmed Square Glasses】</>\n<Assistant_Title2>Description: </>Accessory rewarded for Exploration\n<Assistant_Title2>Usage: </>After use, you will obtain the Gold-Rimmed Square Glasses. You can click <Assistant_System>Appearance - Change Outfit</> to view and use it.\n<Assistant_Title2>Acquisition: </><Assistant_System>Exploration</> acquisition.	
648	<Assistant_Title1>【铁誓】</>\n<Assistant_Title2>描述：</>竞技玩法奖励饰品\n<Assistant_Title2>使用：</>使用后获得铁誓，可点击<Assistant_System>外观-换装</>查看并使用。\n<Assistant_Title2>获取：</>通过<Assistant_System>商城-百货-凯旋商店</>使用凯旋徽章兑换	<Assistant_Title1>【Iron Oath】</>\n<Assistant_Title2>Description: </>Accessory rewarded for Competition gameplay\n<Assistant_Title2>Usage: </>After use, you will obtain the Iron Oath. You can click <Assistant_System>Appearance - Change Outfit</> to view and use it.\n<Assistant_Title2>Acquisition: </>Exchange using Triumph Badges in the <Assistant_System>Mall - General Goods - Triumph Shop</>.	
649	<Assistant_Title1>【铁路大亨-交易技巧】</>\n<Assistant_Title2>核心目标：</>在站点低价买入货物，在后续会收购该货物的站点高价卖出，赚取差价。\n<Assistant_Title2>判断价格：</>看到明显低于基础价的商品，可考虑买入；看到明显高于基础价的订购单，可优先卖出。每站可购买和可出售数量有限，受站点、货物倍率、区域倍率与协议加成影响。\n<Assistant_Title2>进阶建议：</>高难度路线更长，有时需要保留一定票券应对后续高价值机会。临近终点前，尽量把货物在高点卖出获取最大收益或确保折算价值足够冲评级。	<Assistant_Title1>【Railway Tycoon-Trading Tips】</>\n<Assistant_Title2>Core Objective: </>Buy goods at a low price at a station and sell them at a high price at a subsequent station that acquires those goods to earn the price difference. \n<Assistant_Title2>Judging Prices: </>When you see goods significantly lower than the base price, consider buying; when you see purchase orders significantly higher than the base price, prioritize selling. The quantity that can be bought and sold at each station is limited, influenced by the station, goods multiplier, regional multiplier, and agreement bonuses. \n<Assistant_Title2>Advanced Advice: </>High-difficulty routes are longer, and sometimes you need to reserve a certain amount of tickets to deal with subsequent high-value opportunities. Before reaching the destination, try to sell goods at a high point to obtain maximum profit or ensure the converted value is sufficient to reach the rating.	
650	<Assistant_Title1>【铁路大亨-经销协议】</>\n<Assistant_Title2>玩法说明：</>开局会签订区域经销协议，并获得阶段性业绩目标。每经过固定数量站点，商会会检查你的业绩。\n<Assistant_Title2>达标结果：</>达成目标后，可选择维持当前协议或升级协议。升级后的协议目标更高，但会提供更强的货物数量加成和价格加成。\n<Assistant_Title2>未达标结果：</>若检查时未达到目标，本局会提前结算，最终业绩会受到折扣影响。协议等级只能提升，不能下降；	<Assistant_Title1>【Railway Tycoon - Distribution Agreement】</>\n<Assistant_Title2>Gameplay Instructions: </>At the start, you will sign a regional distribution agreement and receive phased performance targets. After passing a fixed number of stations, the Chamber of Commerce will check your performance. \n<Assistant_Title2>Target Met: </>Once the target is reached, you can choose to maintain the current agreement or upgrade it. Upgraded agreements have higher targets but provide stronger bonuses to cargo quantity and prices. \n<Assistant_Title2>Target Not Met: </>If the target is not met during the check, the current session will end early, and the final performance will be affected by a discount. Agreement levels can only be increased, not decreased;	
651	<Assistant_Title1>【铁道旅人】</>\n<Assistant_Title2>描述：</>玩法获得时装\n<Assistant_Title2>使用：</>使用后获得铁道旅人套装，可点击<Assistant_System>外观-换装</>查看并使用。\n<Assistant_Title2>获取：</>通过<Assistant_System>玩法-铁路大亨</>获取	<Assistant_Title1>【Railway Traveler】</>\n<Assistant_Title2>Description: </>Gameplay-Obtained Fashion\n<Assistant_Title2>Usage: </>After use, you will obtain the Railway Traveler set. You can click <Assistant_System>Appearance - Dress Up</> to view and use it. \n<Assistant_Title2>Obtain: </>Obtained via <Assistant_System>Gameplay - Railway Tycoon</>	
652	<Assistant_Title1>【铂金额链】</>\n<Assistant_Title2>描述：</>黄铜书进度奖励\n<Assistant_Title2>使用：</>使用后获得铂金额链，可点击<Assistant_System>外观-换装</>查看并使用。\n<Assistant_Title2>获取：</>通过<Assistant_System>副本</>获得	<Assistant_Title1>【Platinum Chain】</>\n<Assistant_Title2>Description:</>Brass Book Progress Reward\n<Assistant_Title2>Use:</>After use, obtain the Platinum Chain; you can click <Assistant_System>Appearance-Change Outfit</> to view and use it.\n<Assistant_Title2>Acquisition:</>Obtained via <Assistant_System>Dungeon</>	
653	<Assistant_Title1>【铃兰与骑士】</>\n<Assistant_Title2>描述：</>神眷时装\n<Assistant_Title2>使用：</>使用后获得铃兰与骑士套装，可点击<Assistant_System>外观-换装</>查看并使用，也可兑换为<Assistant_Red>2</>张神眷牌。\n<Assistant_Title2>获取：</>通过<Assistant_System>召唤-灵界焕容</>获得，或在<Assistant_System>美神馈赠商店</>中使用<Assistant_Red>2</>张神眷牌兑换	<Assistant_Title1>【Lily and Knight】</>\n<Assistant_Title2>Description:</>God-Favored Outfit\n<Assistant_Title2>Use:</>After use, obtain the Lily and Knight set; you can click <Assistant_System>Appearance-Change Outfit</> to view and use it, or exchange it for <Assistant_Red>2</> God-Favored Cards.\n<Assistant_Title2>Acquisition:</>Obtained via <Assistant_System>Summon-Spirit World Renewal</>, or exchanged in the <Assistant_System>Gifts of the Beauty God Shop</> using <Assistant_Red>2</> God-Favored Cards	
654	<Assistant_Title1>【银色狒狒背包】</>\n<Assistant_Title2>描述：</>直售礼包饰品\n<Assistant_Title2>使用：</>使用后获得银色狒狒背包，可点击<Assistant_System>外观-换装</>查看并使用。\n<Assistant_Title2>获取：</>通过商城礼包解锁	<Assistant_Title1>【Silver Baboon Backpack】</>\n<Assistant_Title2>Description: </>Direct-purchase bundle accessory\n<Assistant_Title2>Usage: </>After use, you will obtain the Silver Baboon Backpack. You can click <Assistant_System>Appearance - Change Outfit</> to view and use it.\n<Assistant_Title2>Acquisition: </>Unlock through Mall bundles.	
655	<Assistant_Title1>【银蔷薇】</>\n<Assistant_Title2>描述：</>星币池饰品\n<Assistant_Title2>使用：</>使用后获得银蔷薇，可点击<Assistant_System>外观-换装</>查看并使用。\n<Assistant_Title2>获取：</>通过<Assistant_System>召唤-星灵奇装</>获得	<Assistant_Title1>【Silver Rose】</>\n<Assistant_Title2>Description: </>Star Coin Pool Accessory\n<Assistant_Title2>Usage: </>After use, you will obtain the Silver Rose. You can click <Assistant_System>Appearance - Change Outfit</> to view and use it. \n<Assistant_Title2>Acquisition: </>Obtained via <Assistant_System>Summon - Astral Wonders</>	
656	<Assistant_Title1>【镀金细框眼镜】</>\n<Assistant_Title2>描述：</>创角饰品\n<Assistant_Title2>使用：</>创角后获得镀金细框眼镜，可点击<Assistant_System>外观-换装</>查看并使用。\n<Assistant_Title2>获取：</>创角后自动获得	<Assistant_Title1>【Gold-Plated Thin-Frame Glasses】</>\n<Assistant_Title2>Description: </>Character creation accessory.\n<Assistant_Title2>Usage: </>Obtain Gold-Plated Thin-Frame Glasses after character creation. You can view and equip them by clicking <Assistant_System>Appearance - Outfits</>.\n<Assistant_Title2>Acquisition: </>Automatically obtained after character creation.	
657	<Assistant_Title1>【镀银眼镜】</>\n<Assistant_Title2>描述：</>创角饰品\n<Assistant_Title2>使用：</>创角后获得镀银眼镜，可点击<Assistant_System>外观-换装</>查看并使用。\n<Assistant_Title2>获取：</>创角后自动获得	<Assistant_Title1>【Silver-Plated Glasses】</>\n<Assistant_Title2>Description: </>Character creation accessory.\n<Assistant_Title2>Usage: </>Obtain Silver-Plated Glasses after character creation. You can view and equip them by clicking <Assistant_System>Appearance - Outfits</>.\n<Assistant_Title2>Acquisition: </>Automatically obtained after character creation.	
658	<Assistant_Title1>【阳光普照】</>\n<Assistant_Title2>描述：</>段位奖励饰品\n<Assistant_Title2>使用：</>使用后获得阳光普照，可点击<Assistant_System>外观-换装</>查看并使用。\n<Assistant_Title2>获取：</><Assistant_System>躺赢-段位天梯</>达到一定段位获取	<Assistant_Title1>【Sunshine】</>\n<Assistant_Title2>Description: </>Rank Reward Accessory\n<Assistant_Title2>Usage: </>After use, you will obtain Sunshine. You can click <Assistant_System>Appearance-Outfit</> to view and use it.\n<Assistant_Title2>Acquisition: </><Assistant_System>Easy Win-Ranked Ladder</>Obtained upon reaching a certain rank	
659	<Assistant_Title1>【隔墙有暖】</>\n<Assistant_Title2>任务类型：</><Assistant_Property2>扮演故事</>\n<Assistant_Title2>任务描述：</>有一家人的屋内好像不太暖和……\n<Assistant_Title2>领取方式：</>完成主线剧情第二章《时代的浪潮》且扮演等级达到<Assistant_Red>19级</>后，前往{Location:[金秋湖(325,90)]|22557;-916;607;2;5200085;0}处，与<Assistant_Red>屋内的声音</>交互接取任务。\n<Assistant_Title2>任务奖励</>：认知经验、世界冒险秘宝进度、冒险勋章、发票单据	<Assistant_Title1>【Warmth Through the Wall】</>\n<Assistant_Title2>Quest Type: </><Assistant_Property2>Acting Stories</>\n<Assistant_Title2>Quest Description: </>It doesn't seem very warm inside one of the houses...\n<Assistant_Title2>How to Accept: </>After completing Chapter 2 of the main storyline, \"Tides of the Era,\" and reaching Acting Level <Assistant_Red>19</>, head to {Location:[Golden Autumn Lake(325,90)]|22557;-916;607;2;5200085;0} and interact with the <Assistant_Red>voice from inside the house</> to accept the quest.\n<Assistant_Title2>Quest Rewards</>: Cognitive EXP, World Adventure Treasure Progress, Adventure Medals, Invoices	
660	<Assistant_Title1>【雕纹花坛】</>\n<Assistant_Title2>描述：</>探索奖励展台组件\n<Assistant_Title2>使用：</>使用后获得展台组件雕纹花坛，可点击<Assistant_System>外观-展台</>查看并使用。\n<Assistant_Title2>获取：</><Assistant_System>探索</>获取	<Assistant_Title1>【Carved Flower Bed】</>\n<Assistant_Title2>Description: </>Display stand component rewarded for Exploration\n<Assistant_Title2>Usage: </>After use, you will obtain the Carved Flower Bed display component. You can click <Assistant_System>Appearance - Display Stand</> to view and use it.\n<Assistant_Title2>Acquisition: </><Assistant_System>Exploration</> acquisition.	
661	<Assistant_Title1>【雕花花瓶】</>\n<Assistant_Title2>描述：</>探索奖励展台组件\n<Assistant_Title2>使用：</>使用后获得展台组件雕花花瓶，可点击<Assistant_System>外观-展台</>查看并使用。\n<Assistant_Title2>获取：</><Assistant_System>探索</>获取	<Assistant_Title1>【Carved Vase】</>\n<Assistant_Title2>Description: </>Display stand component rewarded for Exploration\n<Assistant_Title2>Usage: </>After use, you will obtain the Carved Vase display component. You can click <Assistant_System>Appearance - Display Stand</> to view and use it.\n<Assistant_Title2>Acquisition: </><Assistant_System>Exploration</> acquisition.	
662	<Assistant_Title1>【雨夜街灯】</>\n<Assistant_Title2>描述：</>商城直售时装\n<Assistant_Title2>使用：</>商城购买后获得雨夜街灯套装，可点击<Assistant_System>外观-换装</>查看并使用。\n<Assistant_Title2>获取：</>通过<Assistant_System>商城</>获取	<Assistant_Title1>【Rainy Night Street Lamp】</>\n<Assistant_Title2>Description: </>Store Direct-Purchase Fashion\n<Assistant_Title2>Usage: </>After purchasing in the store, you will obtain the Rainy Night Street Lamp set. You can click <Assistant_System>Appearance - Dress Up</> to view and use it. \n<Assistant_Title2>Obtain: </>Obtained via <Assistant_System>Store</>	
663	<Assistant_Title1>【雾都漫游】</>\n<Assistant_Title2>描述：</>商城直售时装\n<Assistant_Title2>使用：</>商城购买后获得雾都漫游套装，可点击<Assistant_System>外观-换装</>查看并使用。\n<Assistant_Title2>获取：</>通过<Assistant_System>商城</>获取	<Assistant_Title1>【Fog City Roaming】</>\n<Assistant_Title2>Description: </>Store Direct-purchase Outfit\n<Assistant_Title2>Usage: </>After purchasing in the store, you will obtain the Fog City Roaming set. You can click <Assistant_System>Appearance - Change Outfit</> to view and use it. \n<Assistant_Title2>Acquisition: </>Obtained via <Assistant_System>Store</>	
664	<Assistant_Title1>【露营物语】</>\n<Assistant_Title2>描述：</>商城直售时装\n<Assistant_Title2>使用：</>商城购买后获得露营物语套装，可点击<Assistant_System>外观-换装</>查看并使用。\n<Assistant_Title2>获取：</>通过<Assistant_System>商城</>获取	<Assistant_Title1>【Camping Story】</>\n<Assistant_Title2>Description: </>Shop Direct-Purchase Outfit\n<Assistant_Title2>Usage: </>Purchase in the shop to obtain the Camping Story outfit. You can click <Assistant_System>Appearance - Change Outfit</> to view and use it.\n<Assistant_Title2>Acquisition: </>Obtained via <Assistant_System>Shop</>	
665	<Assistant_Title1>【颂诗礼服】</>\n<Assistant_Title2>描述：</>神眷池时装\n<Assistant_Title2>使用：</>使用后获得颂诗礼服套装，可点击<Assistant_System>外观-换装</>查看并使用。\n<Assistant_Title2>获取：</>通过<Assistant_System>召唤-灵界焕容</>获得	<Assistant_Title1>【Ode Dress】</>\n<Assistant_Title2>Description: </>God-favored Pool Outfit\n<Assistant_Title2>Usage: </>After use, you will obtain the Ode Dress set. You can click <Assistant_System>Appearance - Change Outfit</> to view and use it. \n<Assistant_Title2>Acquisition: </>Obtained via <Assistant_System>Summon - Spirit World Transformation</>	
666	<Assistant_Title1>【风尚沙龙】</>\n<Assistant_Title2>介绍：</>在鲁恩王国的上流社会,对时尚的品鉴是身份与数养的象征。绅士淑女们对服饰有着苛刻追求。根据场合、身份与季节,塔配得体的眼装,方能在社交圈中贏得尊重。通过品鉴挑战,展现你的审美,在上流圈声名鹊起。\n<Assistant_Title2>玩法指引：</>\n<Assistant_Title3>1. 寻找风尚沙龙</>\n可通过以下任一方式前往玩法：\n<Assistant_Property2>跑团入口：</>打开菜单进入【跑团】，加入任意教团后，在【秩序世界】中选择【风尚沙龙】，点击【前往】即可自动寻路。\n<Assistant_Property1>地图入口：</>打开地图，切换至【探秘】页签，在【世界详情】中查看【风尚沙龙】玩法图标，并根据图标指引，在地图中找到对应标识，点击【前往】即可自动寻路。\n<Assistant_Title3>2. 时装搭配PK</>\n与NPC对话后开启挑战，可以根据风格与评分进行搭配，PK胜利获得对应奖励。\n<Assistant_Title1>【助手提示】</>\n风尚沙龙不会计入秩序世界的完成度哟~	<Assistant_Title1>【Fashion Salon】</>\n<Assistant_Title2>Introduction: </>In the high society of the Loen Kingdom, an appreciation for fashion is a symbol of status and cultivation. Gentlemen and ladies have exacting standards for their attire. By coordinating appropriate outfits according to the occasion, status, and season, you can earn respect in social circles. Show off your aesthetic sense through appreciation challenges and make a name for yourself in high society.\n<Assistant_Title2>Gameplay Guide: </>\n<Assistant_Title3>1. Finding the Fashion Salon</>\nYou can navigate to this activity using either of the following methods:\n<Assistant_Property2>TTRPG Entry:</>Open the Menu, enter [TTRPG], join any organization, select [Fashion Salon] in the [Orderly World], and click [Go] to start auto-pathing.\n<Assistant_Property1>Map Entry:</>Open the map, switch to the [Exploration] tab, view the [Fashion Salon] icon in [World Details], find the corresponding marker on the map based on the icon's guidance, and click [Go] to start auto-pathing.\n<Assistant_Title3>2. Fashion Coordination PK</>\nStart the challenge after speaking with the NPC; you can coordinate based on style and ratings, and winning the PK will grant corresponding rewards.\n<Assistant_Title1>【Assistant Tip】</>\nThe Fashion Salon does not count towards the completion progress of the Orderly World~	
667	<Assistant_Title1>【风暴之泪】</>\n<Assistant_Title2>描述：</>星币池饰品\n<Assistant_Title2>使用：</>使用后获得风暴之泪，可点击<Assistant_System>外观-换装</>查看并使用。\n<Assistant_Title2>获取：</>通过<Assistant_System>召唤-星灵奇装</>获得	<Assistant_Title1>【Storm Tear】</>\n<Assistant_Title2>Description: </>Star Coin Pool Accessory\n<Assistant_Title2>Usage: </>After use, you will obtain the Storm Tear. You can click <Assistant_System>Appearance - Change Outfit</> to view and use it. \n<Assistant_Title2>Acquisition: </>Obtained via <Assistant_System>Summon - Astral Wonders</>	
668	<Assistant_Title1>【飒爽】</>\n<Assistant_Title2>描述：</>创角发型\n<Assistant_Title2>使用：</>创角后获得飒爽，可点击<Assistant_System>外观-换装</>查看并使用。\n<Assistant_Title2>获取：</>创角时可选择获取一款发型，剩余发型后续可通过<Assistant_System>商城</>获取	<Assistant_Title1>【Brisk】</>\n<Assistant_Title2>Description: </>Character creation hairstyle.\n<Assistant_Title2>Usage: </>Obtain Brisk after character creation. You can view and equip it by clicking <Assistant_System>Appearance - Outfits</>.\n<Assistant_Title2>Acquisition: </>Choose one hairstyle during character creation; remaining hairstyles can be obtained later via <Assistant_System>Shop</>.	
669	<Assistant_Title1>【魔女的余味】</>\n<Assistant_Title2>描述：</>教团等级奖励时装\n<Assistant_Title2>使用：</>使用后获得魔女的余味套装，可点击<Assistant_System>外观-换装</>查看并使用。\n<Assistant_Title2>获取：</>教团等级解锁	<Assistant_Title1> [Aftertaste of the Witch] </>\n<Assistant_Title2> Description: </> Cult Level Reward Fashion \n<Assistant_Title2> Usage: </> After use, gain the Aftertaste of the Witch set, which can be viewed and used by clicking <Assistant_System> Appearance - Dress Up </>. \n<Assistant_Title2> Acquisition: </> Unlocked by Cult Level	
670	<Assistant_Title1>【魔女的回味】</>\n<Assistant_Title2>描述：</>教团等级奖励时装\n<Assistant_Title2>使用：</>使用后获得魔女的回味套装，可点击<Assistant_System>外观-换装</>查看并使用。\n<Assistant_Title2>获取：</>教团等级解锁	<Assistant_Title1>【Witch's Aftertaste】</>\n<Assistant_Title2>Description: </>Coven level reward outfit\n<Assistant_Title2>Use: </>Use to obtain the Witch's Aftertaste set. You can view and equip it by clicking <Assistant_System>Appearance - Dress Up</>.\n<Assistant_Title2>Acquisition: </>Coven level unlock	
671	<Assistant_Title1>【魔女的滋味】</>\n<Assistant_Title2>描述：</>城市暗面玩法奖励时装\n<Assistant_Title2>使用：</>使用后获得魔女的滋味套装，可点击<Assistant_System>外观-换装</>查看并使用。\n<Assistant_Title2>获取：</>城市暗面悬赏值解锁	<Assistant_Title1>【Taste of the Witch】</>\n<Assistant_Title2>Description: </>Outfit rewarded for City of Shadows gameplay\n<Assistant_Title2>Usage: </>After use, you will obtain the Taste of the Witch set. You can click <Assistant_System>Appearance - Change Outfit</> to view and use it.\n<Assistant_Title2>Acquisition: </>Unlock via City of Shadows Bounty Value.	
672	<Assistant_Title1>【魔女雕像】</>\n<Assistant_Title2>描述：</>教团等级奖励展台组件\n<Assistant_Title2>使用：</>使用后获得魔女雕像，可点击<Assistant_System>外观-展台</>查看并使用。\n<Assistant_Title2>获取：</>教团等级解锁	<Assistant_Title1>【Witch Statue】</>\n<Assistant_Title2>Description: </>Coven level reward display component\n<Assistant_Title2>Use: </>Use to obtain Witch Statue. You can view and equip it by clicking <Assistant_System>Appearance - Display Stand</>.\n<Assistant_Title2>Acquisition: </>Coven level unlock	
673	<Assistant_Title1>【鸦语】</>\n<Assistant_Title2>描述：</>商城直售时装\n<Assistant_Title2>使用：</>商城购买后获得鸦语套装，可点击<Assistant_System>外观-换装</>查看并使用。\n<Assistant_Title2>获取：</>通过<Assistant_System>商城</>获取	<Assistant_Title1>【Crow Talk】</>\n<Assistant_Title2>Description: </>Shop Direct-Purchase Outfit\n<Assistant_Title2>Usage: </>Purchase in the shop to obtain the Crow Talk outfit. You can click <Assistant_System>Appearance - Change Outfit</> to view and use it.\n<Assistant_Title2>Acquisition: </>Obtained via <Assistant_System>Shop</>	
674	<Assistant_Title1>【黄昏】</>\n<Assistant_Title2>描述：</>创角发型\n<Assistant_Title2>使用：</>创角后获得黄昏，可点击<Assistant_System>外观-换装</>查看并使用。\n<Assistant_Title2>获取：</>创角时可选择获取一款发型，剩余发型后续可通过<Assistant_System>商城</>获取	<Assistant_Title1>【Dusk】</>\n<Assistant_Title2>Description: </>Character creation hairstyle.\n<Assistant_Title2>Usage: </>Obtain Dusk after character creation. You can view and equip it by clicking <Assistant_System>Appearance - Outfits</>.\n<Assistant_Title2>Acquisition: </>Choose one hairstyle during character creation; remaining hairstyles can be obtained later via <Assistant_System>Shop</>.	
675	<Assistant_Title1>【黄金梦土】</>\n<Assistant_Title2>描述：</>神眷展台\n<Assistant_Title2>使用：</>使用后获得黄金梦土，可点击<Assistant_System>外观-展台</>查看并使用。\n<Assistant_Title2>获取：</><Assistant_System>召唤-灵界焕容-灵幻祭坛商店</>中使用灵幻牌兑换	<Assistant_Title1>【Golden Dreamland】</>\n<Assistant_Title2>Description: </>God-favored Showcase\n<Assistant_Title2>Usage: </>After use, you will obtain the Golden Dreamland. You can click <Assistant_System>Appearance - Showcase</> to view and use it. \n<Assistant_Title2>Acquisition: </>Exchange using Spirit Illusion Cards in the <Assistant_System>Summon - Spirit World Transformation - Spirit Illusion Altar Shop</>	
676	<Assistant_Title1>【黄铜唱片机】</>\n<Assistant_Title2>描述：</>副本掉落展台\n<Assistant_Title2>使用：</>使用后获得黄铜唱片机，可点击<Assistant_System>外观-展台</>查看并使用。\n<Assistant_Title2>获取：</>通过<Assistant_System>副本-五月庄园</>获取	<Assistant_Title1>【Brass Phonograph】</>\n<Assistant_Title2>Description: </>Dungeon Drop Showcase\n<Assistant_Title2>Usage: </>After use, you will obtain the Brass Phonograph. You can click <Assistant_System>Appearance - Showcase</> to view and use it. \n<Assistant_Title2>Acquisition: </>Obtained via <Assistant_System>Dungeon - May Manor</>	
677	<Assistant_Title1>【黑暗】</>\n<Assistant_Title2>描述：</>默认展台场景\n<Assistant_Title2>使用：</>可点击<Assistant_System>外观-展台</>查看并使用。\n<Assistant_Title2>获取：</>默认解锁	<Assistant_Title1>【Darkness】</>\n<Assistant_Title2>Description: </>Default display stand scene\n<Assistant_Title2>Usage: </>You can click <Assistant_System>Appearance - Display Stand</> to view and use it.\n<Assistant_Title2>Acquisition: </>Unlocked by default.	
678	<Assistant_Title1>【黑色窄框眼镜】</>\n<Assistant_Title2>描述：</>玩法奖励饰品\n<Assistant_Title2>使用：</>使用后获得黑色窄框眼镜，可点击<Assistant_System>外观-换装</>查看并使用。\n<Assistant_Title2>获取：</>通过<Assistant_System>玩法-家族</>获得	<Assistant_Title1>【Black Narrow-Frame Glasses】</>\n<Assistant_Title2>Description:</>Gameplay Reward Accessory\n<Assistant_Title2>Use:</>After use, obtain the Black Narrow-Frame Glasses; you can click <Assistant_System>Appearance-Change Outfit</> to view and use it.\n<Assistant_Title2>Acquisition:</>Obtained via <Assistant_System>Gameplay-Family</>	
679	<Assistant_Title1>【黑荆棘安保公司】</>\n<Assistant_Title2>任务类型：</><Assistant_Property2>原著主线</>\n<Assistant_Title2>任务描述：</>邓恩的邀请实在令人心动，去黑荆棘安保公司看看吧，人总是要工作的。\n<Assistant_Title2>领取方式：</>第一赛季第三天解锁。完成原著剧情《意外的访客》，且扮演等级达到<Assistant_Red>48级</>后自动接取。\n<Assistant_Title2>任务奖励</>：认知经验、绑定苏勒、绑定金镑、历史明灯、装备	<Assistant_Title1>【Blackthorn Security Company】</>\n<Assistant_Title2>Quest Type: </><Assistant_Property2>Original Main Story</>\n<Assistant_Title2>Quest Description: </>Dunn's invitation is truly tempting; go check out the Blackthorn Security Company. One always needs to work.\n<Assistant_Title2>How to Accept: </>Unlocked on the third day of the first season. Automatically accepted after completing the original story \"Unexpected Visitor\" and reaching Acting Level <Assistant_Red>48</>.\n<Assistant_Title2>Quest Rewards</>: Cognitive Experience, Bound Sol, Bound Gold Pound, Historical Beacon, Equipment	
680	<Assistant_Title1>也是个官</>\n<Assistant_Title2>成就分类：</>社交-俱乐部\n<Assistant_Title2>解锁条件：</>第一次担任俱乐部管理（会长、副会长、理事、俱乐部之星）	<Assistant_Title1>Also an Official</>\n<Assistant_Title2>Achievement Category: </>Social-Club\n<Assistant_Title2>Unlock Condition: </>Serve as Club management (President, Vice President, Director, Club Star) for the first time	
681	<Assistant_Title1>争锋！永恒的统治</>\n<Assistant_Title2>成就分类：</>以战养战-竞逐\n<Assistant_Title2>解锁条件：</>主宰争锋达到征服皇帝段位	<Assistant_Title1>Clash! Eternal Rule</>\n<Assistant_Title2>Achievement Category: </>Battle for Growth - Competition\n<Assistant_Title2>Unlock Condition: </>Reach Conquest Emperor rank in Dominator's Clash	
682	<Assistant_Title1>争锋！群星的主宰</>\n<Assistant_Title2>成就分类：</>以战养战-竞逐\n<Assistant_Title2>解锁条件：</>主宰争锋达到天使之王段位	<Assistant_Title1>Clash! Master of the Stars</>\n<Assistant_Title2>Achievement Category: </>Battle for Growth - Competition\n<Assistant_Title2>Unlock Condition: </>Reach King of Angels rank in Dominator's Clash	
683	<Assistant_Title1>争锋！荣耀授勋</>\n<Assistant_Title2>成就分类：</>以战养战-竞逐\n<Assistant_Title2>解锁条件：</>主宰争锋达到公爵段位	<Assistant_Title1>Clash! Honorary Knighthood</>\n<Assistant_Title2>Achievement Category: </>Battle for Growth - Competition\n<Assistant_Title2>Unlock Condition: </>Reach Duke rank in Dominator's Clash	
684	<Assistant_Title1>争锋！血色加冕</>\n<Assistant_Title2>成就分类：</>以战养战-竞逐\n<Assistant_Title2>解锁条件：</>主宰争锋达到血色亲王段位	<Assistant_Title1>Clash! Bloody Coronation</>\n<Assistant_Title2>Achievement Category: </>Battle for Growth - Competition\n<Assistant_Title2>Unlock Condition: </>Reach Bloody Prince rank in Dominator's Clash	
685	<Assistant_Title1>人好，喵好，大家好</>\n<Assistant_Title2>成就分类：</>剧情-漫游\n<Assistant_Title2>解锁条件：</>完成漫游任务《雨中邂逅》	<Assistant_Title1> Good People, Good Cats, Good Everyone </>\n<Assistant_Title2> Achievement Category: </> Story - Roaming \n<Assistant_Title2> Unlock Condition: </> Complete the Roaming quest \"Encounter in the Rain\"	
686	<Assistant_Title1>人脉商店</>\n<Assistant_Title2>查看：</>\n点击<Assistant_System>菜单-人脉-兑换</>即可打开{SendAnswer:人脉商店|558}。\n<Assistant_Title2>兑换：</>\n可使用{SendAnswer:投影片段|557}兑换相应道具奖励，获取后可在背包使用。\n<Assistant_Title3>推荐搜索：</>{SendAnswer:[人脉]|550}，{SendAnswer:[投影片段]|557}，{SendAnswer:[结交人脉]|554}	<Assistant_Title1>Connection Shop</>\n<Assistant_Title2>View:</>\nClick <Assistant_System>Menu-Connections-Exchange</> to open the {SendAnswer:Connection Shop|558}.\n<Assistant_Title2>Exchange:</>\nYou can use {SendAnswer:Projection Fragments|557} to exchange for corresponding item rewards, which can be used in your Inventory after acquisition.\n<Assistant_Title3>Recommended Searches:</>{SendAnswer:[Connection]|550}, {SendAnswer:[Projection Fragments]|557}, {SendAnswer:[Make Connections]|554}	
687	<Assistant_Title1>人脉许愿</>\n<Assistant_Title2>玩法说明：</>\n在<Assistant_System>菜单-人脉-结交人脉</>界面的常驻结交活动中，点击视频左下方许愿按钮可进入许愿界面。\n<Assistant_Property2>许愿</>指定人脉后，可提升结交时获得对应人脉的概率。\n<Assistant_Title2>许愿规则：</>\n可许愿的人脉为可结交的传说人脉。\n许愿后，获得传说人脉时，获取许愿目标的概率提高到<Assistant_Property1>80%</>。如果获得的传说人脉不是许愿目标，那下次获得的传说人脉必定为许愿目标。\n常驻结交中，<Assistant_Property1>每周</>可以生效<Assistant_Property1>2次</>许愿效果，周一重置。每当结交人脉<Assistant_Property1>110次</>，可额外获得一次许愿次数。该次数不会被重置，且消耗优先级低于每周重置的次数。\n许愿一位人脉后，若误操作选错许愿目标，可点击取消许愿按钮取消许愿。\n<Assistant_Title3>推荐搜索：</>{SendAnswer:[人脉]|550}，{SendAnswer:[关系]|551}，{SendAnswer:[结交人脉]|554}	<Assistant_Title1>Connection Wishing</>\n<Assistant_Title2>Gameplay Explanation: </>\nIn the permanent connection event in the <Assistant_System>Menu - Connections - Make Connections</> interface, click the wish button at the bottom left of the video to enter the wishing interface. \n<Assistant_Property2>Wishing </> for a specific connection can increase the probability of obtaining that connection when making connections. \n<Assistant_Title2>Wishing Rules: </>\nConnections that can be wished for are legendary connections that can be made. \nAfter wishing, when you obtain a legendary connection, the probability of getting the wished target increases to <Assistant_Property1>80%</>. If the legendary connection obtained is not the wished target, the next legendary connection obtained is guaranteed to be the wished target. \nIn permanent connections, you can have <Assistant_Property1>2</> wish effects take effect <Assistant_Property1>per week</>, resetting on Monday. Every time you make <Assistant_Property1>110</> connections, you can obtain one additional wish attempt. This count will not be reset, and its consumption priority is lower than the weekly reset attempts. \nAfter wishing for a connection, if you accidentally select the wrong target, you can click the cancel wish button to cancel the wish. \n<Assistant_Title3>Recommended Searches: </>{SendAnswer:[Connections]|550}, {SendAnswer:[Relationships]|551}, {SendAnswer:[Make Connections]|554}	
688	<Assistant_Title1>优雅的俱乐部会员</>\n<Assistant_Title2>成就分类：</>社交-俱乐部\n<Assistant_Title2>解锁条件：</>加入一个俱乐部	<Assistant_Title1>Elegant Club Member</>\n<Assistant_Title2>Achievement Category: </>Social-Club\n<Assistant_Title2>Unlock Condition: </>Join a Club	
689	<Assistant_Title1>初临战场</>\n<Assistant_Title2>成就分类：</>以战养战-征伐\n<Assistant_Title2>解锁条件：</>参与1次四方联赛。	<Assistant_Title1>First Arrival on the Battlefield</>\n<Assistant_Title2>Achievement Category: </>War-Driven - Conquest\n<Assistant_Title2>Unlock Condition: </>Participate in 1 Four-Way League match.	
690	<Assistant_Title1>初窥诡秘</>\n<Assistant_Title2>成就分类：</>养成-成长\n<Assistant_Title2>解锁条件：</>扮演等级升到10级	<Assistant_Title1>First Glimpse of Mystery</>\n<Assistant_Title2>Achievement Category: </>Growth - Development\n<Assistant_Title2>Unlock Condition: </>Reach Acting Level 10	
691	<Assistant_Title1>十战征途</>\n<Assistant_Title2>成就分类：</>以战养战-征伐\n<Assistant_Title2>解锁条件：</>参与10次四方联赛。	<Assistant_Title1>Ten-Battle Journey</>\n<Assistant_Title2>Achievement Category: </>War-Driven - Conquest\n<Assistant_Title2>Unlock Condition: </>Participate in 10 Four-Way League matches.	
692	<Assistant_Title1>十胜勋章</>\n<Assistant_Title2>成就分类：</>以战养战-征伐\n<Assistant_Title2>解锁条件：</>获胜10次四方联赛。	<Assistant_Title1>Ten-Victory Medal</>\n<Assistant_Title2>Achievement Category: </>War-Driven - Conquest\n<Assistant_Title2>Unlock Condition: </>Win 10 Four-Way League matches.	
693	<Assistant_Title1>历史学者·一</>\n<Assistant_Title2>成就分类：</>养成-成长\n<Assistant_Title2>解锁条件：</>解锁1个有“原著”标签的关系	<Assistant_Title1>Historian I</>\n<Assistant_Title2>Achievement Category: </>Progression-Growth\n<Assistant_Title2>Unlock Condition: </>Unlock 1 relationship with the \"Original Work\" tag	
694	<Assistant_Title1>历史学者·二</>\n<Assistant_Title2>成就分类：</>养成-成长\n<Assistant_Title2>解锁条件：</>解锁3个有“原著”标签的关系	<Assistant_Title1>Historian II</>\n<Assistant_Title2>Achievement Category: </>Progression-Growth\n<Assistant_Title2>Unlock Condition: </>Unlock 3 relationships with the \"Original Work\" tag	
695	<Assistant_Title1>历史明灯</>\n<Assistant_Title2>道具介绍：</>\n使用历史明灯可在结交人脉界面结交人脉。\n<Assistant_Title2>结交方式：</>\n点击<Assistant_System>菜单-人脉-结交人脉</>进入结交界面，而后点击结交1次/5次，即可进行结交。\n<Assistant_Title2>结交消耗：</>\n每一次结交需要消耗一盏历史明灯。\n<Assistant_Title2>获取方式：</>\n1、在结交人脉界面点击结交，历史明灯不足时会弹出快捷购买。\n2、进入<Assistant_System>商城-商城-秘藏陈列</>购买。\n3、进入<Assistant_System>商城-百货-报销商店/冒险商店</>购买。\n4、通过<Assistant_System>菜单-人脉-兑换</>打开人脉商店兑换。\n5、通过<Assistant_System>命运的馈赠</>或<Assistant_System>段位天梯</>获得。\n6、通过部分<Assistant_System>跑团</>玩法或<Assistant_System>任务</>获得。\n<Assistant_Title3>推荐搜索：</>{SendAnswer:[人脉]|550}，{SendAnswer:[关系]|551}，{SendAnswer:[结交人脉]|554}	<Assistant_Title1>Historical Beacon</>\n<Assistant_Title2>Item Description:</>\nUse a Historical Beacon to make connections in the Connection interface.\n<Assistant_Title2>How to Connect:</>\nClick <Assistant_System>Menu-Connections-Make Connections</> to enter the connection interface, then click Connect 1x/5x to perform a connection.\n<Assistant_Title2>Connection Cost:</>\nEach connection consumes one Historical Beacon.\n<Assistant_Title2>How to Obtain:</>\n1. Click Connect in the Connection interface; if you have insufficient Historical Beacons, a quick purchase prompt will appear.\n2. Enter <Assistant_System>Shop-Shop-Secret Collection</> to purchase.\n3. Enter <Assistant_System>Shop-General-Reimbursement Shop/Adventure Shop</> to purchase.\n4. Open the Connection Shop via <Assistant_System>Menu-Connections-Exchange</> to exchange.\n5. Obtain through <Assistant_System>Fate's Gift</> or <Assistant_System>Ranked Ladder</>.\n6. Obtain through certain <Assistant_System>TRPG</> gameplay or <Assistant_System>Quests</>.\n<Assistant_Title3>Recommended Searches:</>{SendAnswer:[Connection]|550}, {SendAnswer:[Relationship]|551}, {SendAnswer:[Make Connections]|554}	
696	<Assistant_Title1>友情的重量</>\n<Assistant_Title2>成就分类：</>社交-好友聊天\n<Assistant_Title2>解锁条件：</>拥有20个好友	<Assistant_Title1>Weight of Friendship</>\n<Assistant_Title2>Achievement Category: </>Social-Friend Chat\n<Assistant_Title2>Unlock Condition: </>Have 20 friends	
697	<Assistant_Title1>命运交汇</>\n<Assistant_Title2>成就分类：</>社交-好友聊天\n<Assistant_Title2>解锁条件：</>与任意好友的好友度达到命运交汇	<Assistant_Title1>Fate Intersection</>\n<Assistant_Title2>Achievement Category: </>Social-Friend Chat\n<Assistant_Title2>Unlock Condition: </>Reach Fate Intersection with any friend	
698	<Assistant_Title1>命运的初次回响</>\n<Assistant_Title2>成就分类：</>休闲-趣味\n<Assistant_Title2>解锁条件：</>与任意一位人脉好感达到3级	<Assistant_Title1>First Echo of Fate</>\n<Assistant_Title2>Achievement Category: </>Leisure - Fun\n<Assistant_Title2>Unlock Condition: </>Reach Favorability Level 3 with any contact	
699	<Assistant_Title1>命运的深刻交织</>\n<Assistant_Title2>成就分类：</>休闲-趣味\n<Assistant_Title2>解锁条件：</>与任意一位人脉好感达到7级	<Assistant_Title1>Deep Intertwining of Fate</>\n<Assistant_Title2>Achievement Category: </>Leisure - Fun\n<Assistant_Title2>Unlock Condition: </>Reach Favorability Level 7 with any contact	
700	<Assistant_Title1>学徒真好用</>\n<Assistant_Title2>成就分类：</>剧情-时代百态\n<Assistant_Title2>解锁条件：</>在时代百态《闪电莉莉》中击败混混帮闪电莉莉脱困	<Assistant_Title1> Apprentice is Really Useful </>\n<Assistant_Title2> Achievement Category: </> Story - Era Life \n<Assistant_Title2> Unlock Condition: </> Defeat the thugs to help Lightning Lily escape in the Era Life \"Lightning Lily\"	
701	<Assistant_Title1>守序市民</>\n<Assistant_Title2>成就分类：</>剧情-现实主线\n<Assistant_Title2>解锁条件：</>在第五章主线中默默排队买票。	<Assistant_Title1>Orderly Citizen</>\n<Assistant_Title2>Achievement Category: </>Plot - Reality Main Quest\n<Assistant_Title2>Unlock Condition: </>Silently wait in line to buy tickets in the Chapter 5 main quest.	
702	<Assistant_Title1>就决定是你了</>\n<Assistant_Title2>成就分类：</>休闲-趣味\n<Assistant_Title2>解锁条件：</>投入身份为自身亲密关系（誓约、家族）的幻影上场一次	<Assistant_Title1>It's You I Choose</>\n<Assistant_Title2>Achievement Category:</>Leisure-Fun\n<Assistant_Title2>Unlock Condition:</>Deploy a phantom whose identity is a close relationship (Covenant, Family) once	
703	<Assistant_Title1>巅峰启程</>\n<Assistant_Title2>成就分类：</>养成-成长\n<Assistant_Title2>解锁条件：</>扮演等级升到70级	<Assistant_Title1>Setting Off for the Peak</>\n<Assistant_Title2>Achievement Category: </>Growth - Development\n<Assistant_Title2>Unlock Condition: </>Reach Acting Level 70	
704	<Assistant_Title1>强化入门</>\n<Assistant_Title2>成就分类：</>养成-装备\n<Assistant_Title2>解锁条件：</>所有装备强化1级	<Assistant_Title1>Strengthening Beginner</>\n<Assistant_Title2>Achievement Category: </>Growth - Equipment\n<Assistant_Title2>Unlock Condition: </>All equipment strengthened to Level 1	
705	<Assistant_Title1>强化大师</>\n<Assistant_Title2>成就分类：</>养成-装备\n<Assistant_Title2>解锁条件：</>所有装备强化5级	<Assistant_Title1>Strengthening Master</>\n<Assistant_Title2>Achievement Category: </>Growth - Equipment\n<Assistant_Title2>Unlock Condition: </>All equipment strengthened to Level 5	
706	<Assistant_Title1>强化精通</>\n<Assistant_Title2>成就分类：</>养成-装备\n<Assistant_Title2>解锁条件：</>所有装备强化3级	<Assistant_Title1>Strengthening Proficient</>\n<Assistant_Title2>Achievement Category: </>Growth - Equipment\n<Assistant_Title2>Unlock Condition: </>All equipment strengthened to Level 3	
707	<Assistant_Title1>强化！完美法则</>\n<Assistant_Title2>成就分类：</>养成-装备\n<Assistant_Title2>解锁条件：</>所有装备强化8级	<Assistant_Title1>Strengthening! Perfect Law</>\n<Assistant_Title2>Achievement Category: </>Growth - Equipment\n<Assistant_Title2>Unlock Condition: </>All equipment strengthened to Level 8	
708	<Assistant_Title1>心灵共鸣</>\n<Assistant_Title2>成就分类：</>社交-好友聊天\n<Assistant_Title2>解锁条件：</>与任意好友的好友度达到心灵共鸣	<Assistant_Title1>Spiritual Resonance</>\n<Assistant_Title2>Achievement Category: </>Social-Friend Chat\n<Assistant_Title2>Unlock Condition: </>Reach Spiritual Resonance with any friend	
709	<Assistant_Title1>成为神！</>\n<Assistant_Title2>成就分类：</>以战养战-征伐\n<Assistant_Title2>解锁条件：</>参与众神之巅玩法后取得冠军荣誉称号	<Assistant_Title1>Become a God!</>\n<Assistant_Title2>Achievement Category: </>Battle for Growth - Conquest\n<Assistant_Title2>Unlock Condition: </>Obtain the Champion honorary title after participating in Peak of the Gods	
710	<Assistant_Title1>我宣布个事</>\n<Assistant_Title2>成就分类：</>社交-好友聊天\n<Assistant_Title2>解锁条件：</>第一次在世界频道发言	<Assistant_Title1>I Have an Announcement</>\n<Assistant_Title2>Achievement Category: </>Social-Friend Chat\n<Assistant_Title2>Unlock Condition: </>Speak in the World Channel for the first time	
711	<Assistant_Title1>我的书呆子哥哥</>\n<Assistant_Title2>成就分类：</>剧情-时代百态\n<Assistant_Title2>解锁条件：</>完成百态《送你一朵塞维亚菊》。	<Assistant_Title1>My Bookworm Brother</>\n<Assistant_Title2>Achievement Category: </>Plot - Life in the Era\n<Assistant_Title2>Unlock Condition: </>Complete the Life in the Era quest \"Sending You a Sevia Daisy\".	
712	<Assistant_Title1>我重生了……</>\n<Assistant_Title2>成就分类：</>剧情-时代百态\n<Assistant_Title2>解锁条件：</>完成时代逸闻《睡莲镇漫游指南》	<Assistant_Title1> I Have Been Reborn... </>\n<Assistant_Title2> Achievement Category: </> Story - Era Anecdotes \n<Assistant_Title2> Unlock Condition: </> Complete the Era Anecdote \"Roaming Guide to Water Lily Town\"	
713	<Assistant_Title1>投影片段</>\n<Assistant_Title2>道具介绍：</>\n是{SendAnswer:结交人脉|554}重复获得{SendAnswer:人脉|550}时获得的积分，可在{SendAnswer:人脉商店|558}兑换各种奖励。\n<Assistant_Title2>获取方式：</>\n通过结交人脉获取重复人脉时，可获得投影片段。重复的人脉品质越高，获得的数量越多。\n<Assistant_Title2>消耗方式：</>\n通过<Assistant_System>菜单-人脉-兑换</>可打开<Assistant_System>人脉商店</>，兑换相应道具。\n<Assistant_Title3>推荐搜索：</>{SendAnswer:[人脉]|550}，{SendAnswer:[人脉商店]|558}，{SendAnswer:[结交人脉]|554}	<Assistant_Title1>Projection Fragments</>\n<Assistant_Title2> Item Introduction: </>\n These are points obtained when {SendAnswer:Making Connections| 554 } results in obtaining a duplicate {SendAnswer:Connection| 550 }. They can be used to exchange for various rewards in the {SendAnswer:Connection Shop| 558 }. \n<Assistant_Title2> How to Obtain: </>\n When making connections and obtaining a duplicate connection, you can receive Projection Fragments. The higher the quality of the duplicate connection, the more you receive. \n<Assistant_Title2> How to Consume: </>\n You can open the <Assistant_System>Connection Shop</> via <Assistant_System>Menu-Connections-Exchange</> to exchange for corresponding items. \n<Assistant_Title3> Recommended Searches: </>{SendAnswer:[Connections]|550}, {SendAnswer:[Connection Shop]|558}, {SendAnswer:[Making Connections]|554}	
714	<Assistant_Title1>据点主宰</>\n<Assistant_Title2>成就分类：</>以战养战-征伐\n<Assistant_Title2>解锁条件：</>在四方联赛中同时占领5座守卫	<Assistant_Title1>Stronghold Master</>\n<Assistant_Title2>Achievement Category: </>War-Driven - Conquest\n<Assistant_Title2>Unlock Condition: </>Occupy 5 Guards simultaneously in the Four-Way League	
715	<Assistant_Title1>收容传奇</>\n<Assistant_Title2>成就分类：</>养成-装备\n<Assistant_Title2>解锁条件：</>穿戴3件烙印装备	<Assistant_Title1>Containment Legend</>\n<Assistant_Title2>Achievement Category: </>Growth - Equipment\n<Assistant_Title2>Unlock Condition: </>Equip 3 Imprinted items	
716	<Assistant_Title1>无敌乱斗王</>\n<Assistant_Title2>成就分类：</>休闲-趣味\n<Assistant_Title2>解锁条件：</>总计三届作为玩家排名前三	<Assistant_Title1>Invincible Brawl King</>\n<Assistant_Title2>Achievement Category: </>Leisure-Fun\n<Assistant_Title2>Unlock Condition: </>Rank in the top three as a player for a total of three seasons	
717	<Assistant_Title1>时光的誓约</>\n<Assistant_Title2>成就分类：</>社交-好友聊天\n<Assistant_Title2>解锁条件：</>与任意好友的好友度达到1314	<Assistant_Title1>Covenant of Time</>\n<Assistant_Title2>Achievement Category: </>Social-Friend Chat\n<Assistant_Title2>Unlock Condition: </>Reach a friendship level of 1314 with any friend	
718	<Assistant_Title1>春天见</>\n<Assistant_Title2>成就分类：</>剧情-支线剧情\n<Assistant_Title2>解锁条件：</>完成支线《今夜琴声温柔》。	<Assistant_Title1>See You in Spring</>\n<Assistant_Title2>Achievement Category: </>Plot - Side Quest\n<Assistant_Title2>Unlock Condition: </>Complete the side quest \"The Piano Sounds Gentle Tonight\".	
719	<Assistant_Title1>朋友们，听我说一句！</>\n<Assistant_Title2>成就分类：</>社交-俱乐部\n<Assistant_Title2>解锁条件：</>第一次在俱乐部频道发言	<Assistant_Title1>Friends, listen to me!</>\n<Assistant_Title2>Achievement Category: </>Social-Club\n<Assistant_Title2>Unlock Condition: </>Speak in the Club channel for the first time	
720	<Assistant_Title1>朋友收集家·一</>\n<Assistant_Title2>成就分类：</>社交-好友聊天\n<Assistant_Title2>解锁条件：</>拥有3个不同途径的好友	<Assistant_Title1>Friend Collector I</>\n<Assistant_Title2>Achievement Category: </>Social-Friend Chat\n<Assistant_Title2>Unlock Condition: </>Have 3 friends from different Pathways	
721	<Assistant_Title1>朋友收集家·二</>\n<Assistant_Title2>成就分类：</>社交-好友聊天\n<Assistant_Title2>解锁条件：</>拥有6个不同途径的好友	<Assistant_Title1>Friend Collector II</>\n<Assistant_Title2>Achievement Category: </>Social-Friend Chat\n<Assistant_Title2>Unlock Condition: </>Have 6 friends from different Pathways	
722	<Assistant_Title1>未曾谋面的朋友</>\n<Assistant_Title2>成就分类：</>剧情-时代百态\n<Assistant_Title2>解锁条件：</>完成百态《消失的午餐》。	<Assistant_Title1>A Friend Never Met</>\n<Assistant_Title2>Achievement Category: </>Plot - Era Anecdotes\n<Assistant_Title2>Unlock Condition: </>Complete the anecdote \"The Disappearing Lunch\".	
723	<Assistant_Title1>死亡执政官的叹息</>\n<Assistant_Title2>成就分类：</>剧情-支线剧情\n<Assistant_Title2>解锁条件：</>完成支线《死亡咏叹》	<Assistant_Title1>Sigh of the Death Archon</>\n<Assistant_Title2>Achievement Category: </>Plot - Side Quest\n<Assistant_Title2>Unlock Condition: </>Complete the side quest \"Death's Lament\"	
724	<Assistant_Title1>比永恒更永恒</>\n<Assistant_Title2>成就分类：</>社交-好友聊天\n<Assistant_Title2>解锁条件：</>与任意好友的好友度达到13140	<Assistant_Title1>More Than Eternal</>\n<Assistant_Title2>Achievement Category: </>Social-Friend Chat\n<Assistant_Title2>Unlock Condition: </>Reach 13140 friendship points with any friend	
725	<Assistant_Title1>比爱更爱</>\n<Assistant_Title2>成就分类：</>社交-好友聊天\n<Assistant_Title2>解锁条件：</>与任意好友的好友度达到5200	<Assistant_Title1>More Than Love</>\n<Assistant_Title2>Achievement Category: </>Social-Friend Chat\n<Assistant_Title2>Unlock Condition: </>Reach 5200 friendship points with any friend	
726	<Assistant_Title1>深入超凡</>\n<Assistant_Title2>成就分类：</>养成-成长\n<Assistant_Title2>解锁条件：</>扮演等级升到60级	<Assistant_Title1>Deepening the Extraordinary</>\n<Assistant_Title2>Achievement Category: </>Growth - Development\n<Assistant_Title2>Unlock Condition: </>Reach Acting Level 60	
727	<Assistant_Title1>灵魂锚点</>\n<Assistant_Title2>成就分类：</>社交-好友聊天\n<Assistant_Title2>解锁条件：</>与任意好友的好友度达到灵魂锚点	<Assistant_Title1>Soul Anchor</>\n<Assistant_Title2>Achievement Category: </>Social-Friend Chat\n<Assistant_Title2>Unlock Condition: </>Reach Soul Anchor with any friend	
728	<Assistant_Title1>炼金大师</>\n<Assistant_Title2>成就分类：</>养成-装备\n<Assistant_Title2>解锁条件：</>所有装备精炼度达到50%	<Assistant_Title1>Alchemy Master</>\n<Assistant_Title2>Achievement Category: </>Growth - Equipment\n<Assistant_Title2>Unlock Condition: </>All equipment refinement reaches 50%	
729	<Assistant_Title1>炼金学徒</>\n<Assistant_Title2>成就分类：</>养成-装备\n<Assistant_Title2>解锁条件：</>所有装备精炼度达到25%	<Assistant_Title1>Alchemy Apprentice</>\n<Assistant_Title2>Achievement Category: </>Growth - Equipment\n<Assistant_Title2>Unlock Condition: </>All equipment refinement reaches 25%	
730	<Assistant_Title1>炼金术士</>\n<Assistant_Title2>成就分类：</>养成-装备\n<Assistant_Title2>解锁条件：</>所有装备精炼度达到100%	<Assistant_Title1>Alchemist</>\n<Assistant_Title2>Achievement Category: </>Growth - Equipment\n<Assistant_Title2>Unlock Condition: </>All equipment refinement reaches 100%	
731	<Assistant_Title1>烙印装备</>\n\n<Assistant_Title2>装备说明：</>烙印装备带有专属的烙印词条效果，但不带有套装效果。\n\n<Assistant_Title2>获取途径：</>\n\n1、参与副本玩法，可获得冒险倾向的烙印装备。\n\n2、开启以战养战秘宝，或在报销商店中兑换，可获得竞技倾向的烙印装备。\n\n3、此外，还可通过完成任务和探索获取烙印装备。	<Assistant_Title1> Imprint Equipment </>\n\n<Assistant_Title2> Equipment Description: </> Imprint equipment comes with exclusive imprint affix effects but does not have set bonuses. \n\n<Assistant_Title2> Acquisition Sources: </>\n\n 1. Participate in dungeon activities to obtain adventure-oriented imprint equipment. \n\n 2. Open War-forged treasures or exchange in the Reimbursement Shop to obtain competition-oriented imprint equipment. \n\n 3. Additionally, imprint equipment can be obtained by completing quests and exploration.	
732	<Assistant_Title1>特别时刻</>\n<Assistant_Title2>成就分类：</>社交-好友聊天\n<Assistant_Title2>解锁条件：</>与任意好友的好友度达到520	<Assistant_Title1>Special Moment</>\n<Assistant_Title2>Achievement Category: </>Social-Friend Chat\n<Assistant_Title2>Unlock Condition: </>Reach 520 friendship points with any friend	
733	<Assistant_Title1>猎杀！永恒的统治</>\n<Assistant_Title2>成就分类：</>以战养战-竞逐\n<Assistant_Title2>解锁条件：</>终末猎杀达到征服皇帝段位	<Assistant_Title1>Hunt! Eternal Reign</>\n<Assistant_Title2>Achievement Category: </>War-Driven - Competition\n<Assistant_Title2>Unlock Condition: </>Reach the Conquest Emperor rank in Final Hunt	
734	<Assistant_Title1>猎杀！群星的主宰</>\n<Assistant_Title2>成就分类：</>以战养战-竞逐\n<Assistant_Title2>解锁条件：</>终末猎杀达到天使之王段位	<Assistant_Title1>Hunt! Master of the Stars</>\n<Assistant_Title2>Achievement Category: </>War-Driven - Competition\n<Assistant_Title2>Unlock Condition: </>Reach the King of Angels rank in Final Hunt	
735	<Assistant_Title1>猎杀！荣耀授勋</>\n<Assistant_Title2>成就分类：</>以战养战-竞逐\n<Assistant_Title2>解锁条件：</>终末猎杀达到公爵段位	<Assistant_Title1>Hunt! Honorary Investiture</>\n<Assistant_Title2>Achievement Category: </>War-Driven - Competition\n<Assistant_Title2>Unlock Condition: </>Reach the Duke rank in Final Hunt	
736	<Assistant_Title1>猎杀！血色加冕</>\n<Assistant_Title2>成就分类：</>以战养战-竞逐\n<Assistant_Title2>解锁条件：</>终末猎杀达到血色亲王段位	<Assistant_Title1>Hunt! Crimson Coronation</>\n<Assistant_Title2>Achievement Category: </>War-Driven - Competition\n<Assistant_Title2>Unlock Condition: </>Reach the Crimson Prince rank in Final Hunt	
737	<Assistant_Title1>猫猫之王</>\n<Assistant_Title2>成就分类：</>剧情-漫游\n<Assistant_Title2>解锁条件：</>完成漫游任务《小鱼干大诱惑》	<Assistant_Title1> King of Cats </>\n<Assistant_Title2> Achievement Category: </> Story - Roaming \n<Assistant_Title2> Unlock Condition: </> Complete the Roaming quest \"The Great Temptation of Dried Fish\"	
738	<Assistant_Title1>社团核心</>\n<Assistant_Title2>成就分类：</>跑团-教团\n<Assistant_Title2>解锁条件：</>任意教团等级达到10级	<Assistant_Title1>Organization Core</>\n<Assistant_Title2>Achievement Category: </>Group Play-Organization\n<Assistant_Title2>Unlock Condition: </>Any Organization reaches Level 10	
739	<Assistant_Title1>神话之巅</>\n<Assistant_Title2>成就分类：</>以战养战-征伐\n<Assistant_Title2>解锁条件：</>俱乐部在四方联赛中取得神话组第一名成绩	<Assistant_Title1>Peak of Myth</>\n<Assistant_Title2>Achievement Category: </>War-Driven - Conquest\n<Assistant_Title2>Unlock Condition: </>Club achieves first place in the Mythical Group of the Four-Way League	
740	<Assistant_Title1>神话装备</>\n\n<Assistant_Title2>玩法说明：</>\n\n1、获得神话织茧后，可接取任务【隐秘之拥】，解锁铸造神话武器的方法。\n\n2、可先使用织茧游丝打造红色（神话）品质武器【夜幕之颂】，待获取神话织茧后，再补充材料进行【隐秘之拥】的铸造。	<Assistant_Title1> Mythical Equipment </>\n\n<Assistant_Title2> Gameplay Description: </>\n\n 1. After obtaining a Mythical Cocoon, you can accept the quest [Embrace of Concealment] to unlock the method for forging mythical weapons. \n\n 2. You can first use Cocoon Silk to craft a Red (Mythical) quality weapon [Ode to Nightfall], and once you obtain a Mythical Cocoon, supplement the materials to perform the [Embrace of Concealment] forging.	
741	<Assistant_Title1>神阶回响</>\n<Assistant_Title2>成就分类：</>以战养战-竞逐\n<Assistant_Title2>解锁条件：</>完成20局神座之争	<Assistant_Title1>Echo of the Divine Rank</>\n<Assistant_Title2>Achievement Category: </>Battle for Growth - Competition\n<Assistant_Title2>Unlock Condition: </>Complete 20 rounds of Battle for the Throne of God	
742	<Assistant_Title1>第一个朋友</>\n<Assistant_Title2>成就分类：</>社交-好友聊天\n<Assistant_Title2>解锁条件：</>拥有1个好友	<Assistant_Title1>First Friend</>\n<Assistant_Title2>Achievement Category: </>Social-Friend Chat\n<Assistant_Title2>Unlock Condition: </>Have 1 friend	
743	<Assistant_Title1>美梦成真</>\n<Assistant_Title2>成就分类：</>剧情-支线剧情\n<Assistant_Title2>解锁条件：</>完成支线《美梦成真》。	<Assistant_Title1>Dreams Come True</>\n<Assistant_Title2>Achievement Category: </>Plot - Side Quest\n<Assistant_Title2>Unlock Condition: </>Complete the side quest \"Dreams Come True\".	
744	<Assistant_Title1>脱离卡死</>\n<Assistant_Title2>成就分类：</>剧情-漫游\n<Assistant_Title2>解锁条件：</>在漫游任务中帮助卡门脱离困境	<Assistant_Title1> Unstuck </>\n<Assistant_Title2> Achievement Category: </> Story - Roaming \n<Assistant_Title2> Unlock Condition: </> Help Carmen get out of trouble in the Roaming quest	
745	<Assistant_Title1>行走的宝库</>\n<Assistant_Title2>成就分类：</>养成-装备\n<Assistant_Title2>解锁条件：</>穿戴8件橙色品质及以上装备	<Assistant_Title1>Walking Treasury</>\n<Assistant_Title2>Achievement Category: </>Growth - Equipment\n<Assistant_Title2>Unlock Condition: </>Equip 8 items of Orange quality or higher	
746	<Assistant_Title1>被选中之“人”</>\n<Assistant_Title2>成就分类：</>休闲-趣味\n<Assistant_Title2>解锁条件：</>被选定成为幻象投影一次	<Assistant_Title1>The Chosen \"Person\"</>\n<Assistant_Title2>Achievement Category:</>Leisure-Fun\n<Assistant_Title2>Unlock Condition:</>Selected to become a phantom projection once	
747	<Assistant_Title1>装备</>\n\n<Assistant_Title2>装备品质：</>紫色、金色、橙色、红色（神话）。\n\n<Assistant_Title2>装备部位：</>当前赛季开放的装备部位有武器、胸针、指环、护符、帽子、披风、鞋靴、护甲。\n\n<Assistant_Title2>获取途径：</>装备可通过开启世界冒险/以战养战/社交馈赠秘宝、挑战各类副本、参加各类大型竞技玩法获得。	<Assistant_Title1> Equipment </>\n\n<Assistant_Title2> Equipment Quality: </> Purple, Gold, Orange, Red (Mythical). \n\n<Assistant_Title2> Equipment Slots: </> The equipment slots available for the current season are Weapon, Brooch, Ring, Amulet, Hat, Cloak, Shoes, and Armor. \n\n<Assistant_Title2> Acquisition Sources: </> Equipment can be obtained by opening World Adventure/War-forged/Social Gift treasures, challenging various dungeons, and participating in large-scale competition activities.	
748	<Assistant_Title1>装备强化</>\n\n<Assistant_Title2>玩法说明：</>\n\n1、每个部位都可以通过消耗强化材料进行强化，最多强化至8阶。\n\n2、每个阶段都可以提升角色的属性能力，提升的属性展示在装备的基础属性部分。\n\n3、更换装备时，强化效果无损转移；未穿戴对应部位装备时，强化效果不生效。\n\n4、每个部位的强化阶段同时达到对应要求后，将激活强化套装，进一步提升角色能力。\n\n<Assistant_Title2>道具获取：</>强化材料可通过报销商店兑换、开启世界冒险/以战养战/社交馈赠秘宝获得	<Assistant_Title1> Equipment Strengthening </>\n\n<Assistant_Title2> Gameplay Description: </>\n\n 1. Each slot can be strengthened by consuming strengthening materials, up to a maximum of Tier 8. \n\n 2. Each stage increases the character's attribute capabilities, which are displayed in the base attribute section of the equipment. \n\n 3. When changing equipment, the strengthening effect is transferred without loss; the effect is not active if the corresponding slot is empty. \n\n 4. Once the strengthening stages of all slots reach the corresponding requirements, the strengthening set will be activated, further enhancing character capabilities. \n\n<Assistant_Title2> Item Acquisition: </> Strengthening materials can be obtained via Reimbursement Shop exchanges or by opening World Adventure/War-forged/Social Gift treasures.	
749	<Assistant_Title1>见证众神之战</>\n<Assistant_Title2>成就分类：</>以战养战-征伐\n<Assistant_Title2>解锁条件：</>参与众神之巅玩法后取得八强荣誉称号	<Assistant_Title1>Witnessing the Battle of the Gods</>\n<Assistant_Title2>Achievement Category: </>War-Driven - Conquest\n<Assistant_Title2>Unlock Condition: </>Obtain the Top 8 honorary title after participating in the Peak of the Gods gameplay	
750	<Assistant_Title1>让我先来！</>\n<Assistant_Title2>成就分类：</>剧情-现实主线\n<Assistant_Title2>解锁条件：</>在第五章主线中试图插队买票。	<Assistant_Title1>Let Me Go First!</>\n<Assistant_Title2>Achievement Category: </>Plot - Reality Main Quest\n<Assistant_Title2>Unlock Condition: </>Attempt to cut in line to buy tickets in the Chapter 5 main quest.	
